timestamp,hospital_load
2024-01-01 00:00:00,50.23469038661969
2024-01-01 01:00:00,50.19371729476259
2024-01-01 02:00:00,42.855663655012904
2024-01-01 03:00:00,66.16498983190313
2024-01-01 04:00:00,57.920012172364565
2024-01-01 05:00:00,76.9808922071137
2024-01-01 06:00:00,71.09471133512983
2024-01-01 07:00:00,94.01646709391936
2024-01-01 08:00:00,73.5689990799149
2024-01-01 09:00:00,97.36722561627738
2024-01-01 10:00:00,99.59756631788537
2024-01-01 11:00:00,98.58207754715886
2024-01-01 12:00:00,86.11747169573285
2024-01-01 13:00:00,98.62793614985239
2024-01-01 14:00:00,93.40035083763443
2024-01-01 15:00:00,74.56956254997108
2024-01-01 16:00:00,97.54029230138819
2024-01-01 17:00:00,77.4902297321948
2024-01-01 18:00:00,86.93311349964483
2024-01-01 19:00:00,69.37033120255289
2024-01-01 20:00:00,72.95124398577852
2024-01-01 21:00:00,54.07893073570484
2024-01-01 22:00:00,59.496870586266574
2024-01-01 23:00:00,56.93955022053695
2024-01-02 00:00:00,60.34066918080556
2024-01-02 01:00:00,56.66181013681736
2024-01-02 02:00:00,41.083827025481256
2024-01-02 03:00:00,62.035161830175284
2024-01-02 04:00:00,78.55207740443022
2024-01-02 05:00:00,66.61441897662206
2024-01-02 06:00:00,73.45219892513425
2024-01-02 07:00:00,76.6593782528654
2024-01-02 08:00:00,94.63763652218651
2024-01-02 09:00:00,89.96604630865639
2024-01-02 10:00:00,100.0
2024-01-02 11:00:00,100.0
2024-01-02 12:00:00,100.0
2024-01-02 13:00:00,100.0
2024-01-02 14:00:00,94.21124573000982
2024-01-02 15:00:00,91.03954862526109
2024-01-02 16:00:00,98.69179815611362
2024-01-02 17:00:00,95.49173464857371
2024-01-02 18:00:00,88.63094830670474
2024-01-02 19:00:00,74.0764389519282
2024-01-02 20:00:00,69.89153625917297
2024-01-02 21:00:00,61.43055477513348
2024-01-02 22:00:00,71.85689904964842
2024-01-02 23:00:00,48.02584717913976
2024-01-03 00:00:00,47.337713833494604
2024-01-03 01:00:00,49.6188445409322
2024-01-03 02:00:00,50.51884548304635
2024-01-03 03:00:00,81.70049118251339
2024-01-03 04:00:00,81.28457427679079
2024-01-03 05:00:00,70.2296094266832
2024-01-03 06:00:00,84.1519316626679
2024-01-03 07:00:00,100.0
2024-01-03 08:00:00,99.01024743140572
2024-01-03 09:00:00,100.0
2024-01-03 10:00:00,100.0
2024-01-03 11:00:00,99.09979874081547
2024-01-03 12:00:00,96.37831222648714
2024-01-03 13:00:00,100.0
2024-01-03 14:00:00,100.0
2024-01-03 15:00:00,99.97621677177762
2024-01-03 16:00:00,92.18015265871766
2024-01-03 17:00:00,100.0
2024-01-03 18:00:00,89.28611297286467
2024-01-03 19:00:00,78.97573510276038
2024-01-03 20:00:00,68.93150956417878
2024-01-03 21:00:00,68.89119356972364
2024-01-03 22:00:00,71.53497300604484
2024-01-03 23:00:00,59.51682753894569
2024-01-04 00:00:00,49.80310160683462
2024-01-04 01:00:00,56.51723031234917
2024-01-04 02:00:00,61.96740305260274
2024-01-04 03:00:00,76.45040613647812
2024-01-04 04:00:00,60.41055325395214
2024-01-04 05:00:00,76.3330878602341
2024-01-04 06:00:00,77.4795439743333
2024-01-04 07:00:00,83.05760214942917
2024-01-04 08:00:00,100.0
2024-01-04 09:00:00,94.50584380503334
2024-01-04 10:00:00,89.7307116386314
2024-01-04 11:00:00,100.0
2024-01-04 12:00:00,100.0
2024-01-04 13:00:00,91.04168580898562
2024-01-04 14:00:00,87.51418419073902
2024-01-04 15:00:00,97.16809514790354
2024-01-04 16:00:00,89.48268215055248
2024-01-04 17:00:00,81.16278453883389
2024-01-04 18:00:00,88.20608511233127
2024-01-04 19:00:00,69.84570235205727
2024-01-04 20:00:00,73.13746381639028
2024-01-04 21:00:00,75.02461169020796
2024-01-04 22:00:00,59.74066918742778
2024-01-04 23:00:00,45.827549514656305
2024-01-05 00:00:00,47.88127064273093
2024-01-05 01:00:00,53.3061980906813
2024-01-05 02:00:00,61.81861592424227
2024-01-05 03:00:00,52.808287086179874
2024-01-05 04:00:00,74.90908757747316
2024-01-05 05:00:00,55.56201184781654
2024-01-05 06:00:00,72.4467528700849
2024-01-05 07:00:00,74.40131196005251
2024-01-05 08:00:00,91.91959424676502
2024-01-05 09:00:00,73.50045705309002
2024-01-05 10:00:00,91.87771679036018
2024-01-05 11:00:00,88.52142589417714
2024-01-05 12:00:00,100.0
2024-01-05 13:00:00,83.85607304749304
2024-01-05 14:00:00,91.81371192110603
2024-01-05 15:00:00,78.61189281965935
2024-01-05 16:00:00,82.68441871278341
2024-01-05 17:00:00,73.4060149875743
2024-01-05 18:00:00,68.10734679928008
2024-01-05 19:00:00,50.11795327509331
2024-01-05 20:00:00,64.5151209041431
2024-01-05 21:00:00,48.403031443902016
2024-01-05 22:00:00,44.953766941113294
2024-01-05 23:00:00,40.0
2024-01-06 00:00:00,40.0
2024-01-06 01:00:00,50.49648713333496
2024-01-06 02:00:00,52.10467553465475
2024-01-06 03:00:00,56.98798113702057
2024-01-06 04:00:00,47.60921370763264
2024-01-06 05:00:00,62.37156472689193
2024-01-06 06:00:00,60.91125613429701
2024-01-06 07:00:00,78.65317458105636
2024-01-06 08:00:00,79.25169958502326
2024-01-06 09:00:00,74.73820873026033
2024-01-06 10:00:00,91.49796385244235
2024-01-06 11:00:00,89.2347545190891
2024-01-06 12:00:00,74.76609242683597
2024-01-06 13:00:00,71.81308589124475
2024-01-06 14:00:00,72.41040010156127
2024-01-06 15:00:00,93.2115997199989
2024-01-06 16:00:00,67.75694112973284
2024-01-06 17:00:00,86.07077647549872
2024-01-06 18:00:00,57.351357021528
2024-01-06 19:00:00,51.32723611566341
2024-01-06 20:00:00,62.93878908240811
2024-01-06 21:00:00,59.165851871359976
2024-01-06 22:00:00,53.034526095221054
2024-01-06 23:00:00,52.0034303803621
2024-01-07 00:00:00,41.435686424051
2024-01-07 01:00:00,55.19880143895092
2024-01-07 02:00:00,52.45738947291657
2024-01-07 03:00:00,50.79821720842386
2024-01-07 04:00:00,58.62414690507353
2024-01-07 05:00:00,71.18060513990864
2024-01-07 06:00:00,71.01125609439678
2024-01-07 07:00:00,55.795047205151306
2024-01-07 08:00:00,85.01553778900812
2024-01-07 09:00:00,88.54959192407388
2024-01-07 10:00:00,82.18296900517629
2024-01-07 11:00:00,88.15211301211575
2024-01-07 12:00:00,88.80615992382548
2024-01-07 13:00:00,71.39171360648747
2024-01-07 14:00:00,82.02065106542558
2024-01-07 15:00:00,79.1564562366148
2024-01-07 16:00:00,76.6529540596022
2024-01-07 17:00:00,68.89699957550724
2024-01-07 18:00:00,73.23476671215447
2024-01-07 19:00:00,56.287252241769174
2024-01-07 20:00:00,65.2219134344947
2024-01-07 21:00:00,58.72972892372155
2024-01-07 22:00:00,61.5133986809691
2024-01-07 23:00:00,62.50706717552963
2024-01-08 00:00:00,69.70175259818876
2024-01-08 01:00:00,46.97930956010813
2024-01-08 02:00:00,61.220380183875406
2024-01-08 03:00:00,55.907607674534354
2024-01-08 04:00:00,92.03906184025496
2024-01-08 05:00:00,75.53748686653934
2024-01-08 06:00:00,87.13642458823122
2024-01-08 07:00:00,84.46989737468863
2024-01-08 08:00:00,64.73164753299463
2024-01-08 09:00:00,83.69343936339033
2024-01-08 10:00:00,87.66030031675689
2024-01-08 11:00:00,92.02652184580037
2024-01-08 12:00:00,98.7102657165249
2024-01-08 13:00:00,99.16752940956316
2024-01-08 14:00:00,72.14479942039237
2024-01-08 15:00:00,88.09439374672819
2024-01-08 16:00:00,81.9652374392899
2024-01-08 17:00:00,92.08156567601496
2024-01-08 18:00:00,80.59946679095748
2024-01-08 19:00:00,69.22514065100263
2024-01-08 20:00:00,67.66022009715434
2024-01-08 21:00:00,48.237085354741566
2024-01-08 22:00:00,63.85034533715744
2024-01-08 23:00:00,53.40184093763765
2024-01-09 00:00:00,57.248585244716864
2024-01-09 01:00:00,74.90758539368903
2024-01-09 02:00:00,68.58501748048174
2024-01-09 03:00:00,64.2559276835427
2024-01-09 04:00:00,68.89099735269279
2024-01-09 05:00:00,81.48164411173161
2024-01-09 06:00:00,86.0407764424192
2024-01-09 07:00:00,89.1518191580429
2024-01-09 08:00:00,84.11781850979872
2024-01-09 09:00:00,89.44772485539264
2024-01-09 10:00:00,95.08792941686391
2024-01-09 11:00:00,100.0
2024-01-09 12:00:00,100.0
2024-01-09 13:00:00,100.0
2024-01-09 14:00:00,100.0
2024-01-09 15:00:00,100.0
2024-01-09 16:00:00,100.0
2024-01-09 17:00:00,98.46847053872754
2024-01-09 18:00:00,87.5050992907725
2024-01-09 19:00:00,79.19845960870965
2024-01-09 20:00:00,77.07991682311322
2024-01-09 21:00:00,71.46930843736153
2024-01-09 22:00:00,72.95283204734204
2024-01-09 23:00:00,56.69450596913899
2024-01-10 00:00:00,71.54771905614659
2024-01-10 01:00:00,67.77232689762165
2024-01-10 02:00:00,53.98180147027217
2024-01-10 03:00:00,72.30727549044126
2024-01-10 04:00:00,65.31852698797942
2024-01-10 05:00:00,76.31653887992351
2024-01-10 06:00:00,84.50400766499223
2024-01-10 07:00:00,78.90173066831822
2024-01-10 08:00:00,95.35686702772084
2024-01-10 09:00:00,100.0
2024-01-10 10:00:00,100.0
2024-01-10 11:00:00,100.0
2024-01-10 12:00:00,100.0
2024-01-10 13:00:00,100.0
2024-01-10 14:00:00,99.78892932086283
2024-01-10 15:00:00,86.59673617136463
2024-01-10 16:00:00,94.93104822409008
2024-01-10 17:00:00,96.96096333796595
2024-01-10 18:00:00,78.36337990598399
2024-01-10 19:00:00,78.91909421219775
2024-01-10 20:00:00,75.2784791671827
2024-01-10 21:00:00,80.52439898309638
2024-01-10 22:00:00,68.7719958417022
2024-01-10 23:00:00,68.84245557723544
2024-01-11 00:00:00,60.38121476733054
2024-01-11 01:00:00,57.19813179223911
2024-01-11 02:00:00,54.063427275628854
2024-01-11 03:00:00,64.04164606277928
2024-01-11 04:00:00,73.61586467539023
2024-01-11 05:00:00,76.28185205563221
2024-01-11 06:00:00,92.31438922536867
2024-01-11 07:00:00,93.22608275661271
2024-01-11 08:00:00,100.0
2024-01-11 09:00:00,78.3760718560844
2024-01-11 10:00:00,100.0
2024-01-11 11:00:00,100.0
2024-01-11 12:00:00,100.0
2024-01-11 13:00:00,100.0
2024-01-11 14:00:00,98.00635452240867
2024-01-11 15:00:00,86.09903099708472
2024-01-11 16:00:00,100.0
2024-01-11 17:00:00,79.5598077223785
2024-01-11 18:00:00,72.64809603942851
2024-01-11 19:00:00,73.48767862716092
2024-01-11 20:00:00,67.45506714685519
2024-01-11 21:00:00,66.43604944729096
2024-01-11 22:00:00,62.44618785836667
2024-01-11 23:00:00,72.01551555990831
2024-01-12 00:00:00,55.558531729171705
2024-01-12 01:00:00,45.707690351878654
2024-01-12 02:00:00,48.808672341343346
2024-01-12 03:00:00,54.6502014536667
2024-01-12 04:00:00,58.828869994467794
2024-01-12 05:00:00,62.612775810043104
2024-01-12 06:00:00,63.097805436221854
2024-01-12 07:00:00,79.41597135607968
2024-01-12 08:00:00,78.27616910819896
2024-01-12 09:00:00,78.4533608538495
2024-01-12 10:00:00,93.1345783128786
2024-01-12 11:00:00,98.03599296638545
2024-01-12 12:00:00,89.97443544198536
2024-01-12 13:00:00,100.0
2024-01-12 14:00:00,100.0
2024-01-12 15:00:00,90.07068439691663
2024-01-12 16:00:00,78.2075735667101
2024-01-12 17:00:00,79.29070043129883
2024-01-12 18:00:00,62.17177834622559
2024-01-12 19:00:00,59.820664879600166
2024-01-12 20:00:00,48.51507330893542
2024-01-12 21:00:00,52.81136270636939
2024-01-12 22:00:00,44.805179886862916
2024-01-12 23:00:00,57.66441906759504
2024-01-13 00:00:00,40.591403576655225
2024-01-13 01:00:00,49.4837573616984
2024-01-13 02:00:00,55.25667877941523
2024-01-13 03:00:00,61.8271707716232
2024-01-13 04:00:00,53.77580254676717
2024-01-13 05:00:00,63.91654974069279
2024-01-13 06:00:00,69.35247442970231
2024-01-13 07:00:00,81.97020615339157
2024-01-13 08:00:00,82.8901906058047
2024-01-13 09:00:00,91.1952532811272
2024-01-13 10:00:00,70.63428593051583
2024-01-13 11:00:00,80.63996974024798
2024-01-13 12:00:00,94.89478774280227
2024-01-13 13:00:00,90.60901606394425
2024-01-13 14:00:00,82.96966032685825
2024-01-13 15:00:00,77.00388494777
2024-01-13 16:00:00,82.96825652192
2024-01-13 17:00:00,56.00317626939545
2024-01-13 18:00:00,73.00557319532932
2024-01-13 19:00:00,62.22180071307298
2024-01-13 20:00:00,52.76659112002818
2024-01-13 21:00:00,56.55933062622994
2024-01-13 22:00:00,46.27767007473546
2024-01-13 23:00:00,47.60483593470018
2024-01-14 00:00:00,48.256832246659094
2024-01-14 01:00:00,55.26915329383773
2024-01-14 02:00:00,52.589008695498144
2024-01-14 03:00:00,40.0
2024-01-14 04:00:00,47.508575329633885
2024-01-14 05:00:00,54.80024699598728
2024-01-14 06:00:00,72.30694663182719
2024-01-14 07:00:00,78.29042134580041
2024-01-14 08:00:00,92.02671032357102
2024-01-14 09:00:00,74.69517695549729
2024-01-14 10:00:00,96.46764822826755
2024-01-14 11:00:00,72.4932353734128
2024-01-14 12:00:00,88.82444360134409
2024-01-14 13:00:00,89.96715544152346
2024-01-14 14:00:00,87.94487361759819
2024-01-14 15:00:00,80.36164674499798
2024-01-14 16:00:00,79.64407177217643
2024-01-14 17:00:00,64.00016314823031
2024-01-14 18:00:00,75.63146247960307
2024-01-14 19:00:00,65.53674492477825
2024-01-14 20:00:00,61.6173014410255
2024-01-14 21:00:00,52.3497985909764
2024-01-14 22:00:00,48.78435260742998
2024-01-14 23:00:00,53.61266008261963
2024-01-15 00:00:00,69.27606685338785
2024-01-15 01:00:00,46.09334257712282
2024-01-15 02:00:00,47.692470127627544
2024-01-15 03:00:00,64.55767825101731
2024-01-15 04:00:00,63.91720245877176
2024-01-15 05:00:00,72.39590019490527
2024-01-15 06:00:00,76.39375218075044
2024-01-15 07:00:00,86.74115431639456
2024-01-15 08:00:00,84.30402280372448
2024-01-15 09:00:00,81.07440332399025
2024-01-15 10:00:00,87.60427018037588
2024-01-15 11:00:00,94.6421288540177
2024-01-15 12:00:00,86.57209359039055
2024-01-15 13:00:00,95.64017438710466
2024-01-15 14:00:00,94.4276662107054
2024-01-15 15:00:00,87.9054594880318
2024-01-15 16:00:00,88.30416150757381
2024-01-15 17:00:00,68.89716846636084
2024-01-15 18:00:00,69.01417327667242
2024-01-15 19:00:00,62.3263077666685
2024-01-15 20:00:00,73.68776543669658
2024-01-15 21:00:00,80.96071970400075
2024-01-15 22:00:00,52.291110365589084
2024-01-15 23:00:00,55.46235243350461
2024-01-16 00:00:00,58.938319512751356
2024-01-16 01:00:00,66.94167062832682
2024-01-16 02:00:00,62.307239730564035
2024-01-16 03:00:00,72.61975216583004
2024-01-16 04:00:00,79.82449348332563
2024-01-16 05:00:00,69.54193191834588
2024-01-16 06:00:00,86.68565862169153
2024-01-16 07:00:00,75.34210858775924
2024-01-16 08:00:00,92.47053592990702
2024-01-16 09:00:00,96.08013163928487
2024-01-16 10:00:00,100.0
2024-01-16 11:00:00,100.0
2024-01-16 12:00:00,100.0
2024-01-16 13:00:00,100.0
2024-01-16 14:00:00,100.0
2024-01-16 15:00:00,100.0
2024-01-16 16:00:00,95.48145659478315
2024-01-16 17:00:00,85.15209512403415
2024-01-16 18:00:00,93.2118185711632
2024-01-16 19:00:00,91.60021692630957
2024-01-16 20:00:00,64.2710744127018
2024-01-16 21:00:00,71.75503833090166
2024-01-16 22:00:00,63.522008945117975
2024-01-16 23:00:00,72.67855215235073
2024-01-17 00:00:00,66.42712671641141
2024-01-17 01:00:00,67.63941915749261
2024-01-17 02:00:00,73.17637838546112
2024-01-17 03:00:00,70.01932835601477
2024-01-17 04:00:00,89.96625604114118
2024-01-17 05:00:00,85.45257612040861
2024-01-17 06:00:00,94.00853092969467
2024-01-17 07:00:00,89.97223887820283
2024-01-17 08:00:00,95.58208922514741
2024-01-17 09:00:00,100.0
2024-01-17 10:00:00,100.0
2024-01-17 11:00:00,95.90799810686354
2024-01-17 12:00:00,100.0
2024-01-17 13:00:00,100.0
2024-01-17 14:00:00,100.0
2024-01-17 15:00:00,100.0
2024-01-17 16:00:00,95.89803472682478
2024-01-17 17:00:00,73.80899383396505
2024-01-17 18:00:00,76.12412073775188
2024-01-17 19:00:00,89.23937860299078
2024-01-17 20:00:00,74.66547380208942
2024-01-17 21:00:00,74.00053991764601
2024-01-17 22:00:00,69.2800168537886
2024-01-17 23:00:00,60.71350821096589
2024-01-18 00:00:00,57.49197339611867
2024-01-18 01:00:00,64.54631223359655
2024-01-18 02:00:00,67.36532572853066
2024-01-18 03:00:00,84.60763663272301
2024-01-18 04:00:00,67.42519083635997
2024-01-18 05:00:00,89.44049240510702
2024-01-18 06:00:00,74.37307275131543
2024-01-18 07:00:00,90.34620604050242
2024-01-18 08:00:00,92.68863631871326
2024-01-18 09:00:00,94.40549835075748
2024-01-18 10:00:00,98.55015937118456
2024-01-18 11:00:00,95.61714727490111
2024-01-18 12:00:00,100.0
2024-01-18 13:00:00,93.86641043337583
2024-01-18 14:00:00,100.0
2024-01-18 15:00:00,100.0
2024-01-18 16:00:00,100.0
2024-01-18 17:00:00,94.2578779814177
2024-01-18 18:00:00,85.89140867333468
2024-01-18 19:00:00,71.03836826887198
2024-01-18 20:00:00,65.03503543164044
2024-01-18 21:00:00,58.075101719292796
2024-01-18 22:00:00,54.13586756692788
2024-01-18 23:00:00,62.00538314106393
2024-01-19 00:00:00,46.842755344686125
2024-01-19 01:00:00,62.94200928772317
2024-01-19 02:00:00,50.719151703384966
2024-01-19 03:00:00,59.287895360769106
2024-01-19 04:00:00,60.56346591197465
2024-01-19 05:00:00,56.27800743234185
2024-01-19 06:00:00,81.40540626007744
2024-01-19 07:00:00,83.43474896061468
2024-01-19 08:00:00,89.18331986675815
2024-01-19 09:00:00,91.60548383506577
2024-01-19 10:00:00,83.95303449904043
2024-01-19 11:00:00,86.11116328116918
2024-01-19 12:00:00,96.3335713807964
2024-01-19 13:00:00,100.0
2024-01-19 14:00:00,93.1352730576247
2024-01-19 15:00:00,94.7014346116985
2024-01-19 16:00:00,78.52921868874589
2024-01-19 17:00:00,86.7000173029089
2024-01-19 18:00:00,69.38971375798987
2024-01-19 19:00:00,69.49498593695667
2024-01-19 20:00:00,59.8254356799764
2024-01-19 21:00:00,65.73046998266055
2024-01-19 22:00:00,62.66557582953813
2024-01-19 23:00:00,41.635854597988484
2024-01-20 00:00:00,57.96519248201942
2024-01-20 01:00:00,67.0601985985036
2024-01-20 02:00:00,47.208903816241744
2024-01-20 03:00:00,52.22015693311354
2024-01-20 04:00:00,67.29677525804092
2024-01-20 05:00:00,62.74372741848444
2024-01-20 06:00:00,67.35880597179381
2024-01-20 07:00:00,87.7473629991777
2024-01-20 08:00:00,66.5654867087332
2024-01-20 09:00:00,75.23492635662798
2024-01-20 10:00:00,88.07221957207192
2024-01-20 11:00:00,73.77591909668148
2024-01-20 12:00:00,84.43431762865063
2024-01-20 13:00:00,83.68421435502412
2024-01-20 14:00:00,92.44235328128131
2024-01-20 15:00:00,87.11724631752973
2024-01-20 16:00:00,63.97110020111829
2024-01-20 17:00:00,67.07294413429632
2024-01-20 18:00:00,61.92573146694292
2024-01-20 19:00:00,60.54182559760802
2024-01-20 20:00:00,48.67506777075581
2024-01-20 21:00:00,56.9311249736424
2024-01-20 22:00:00,44.590704205450734
2024-01-20 23:00:00,52.8597995717873
2024-01-21 00:00:00,49.38210272999267
2024-01-21 01:00:00,42.306450816751195
2024-01-21 02:00:00,63.199910574860304
2024-01-21 03:00:00,66.61850945308792
2024-01-21 04:00:00,61.746226298202195
2024-01-21 05:00:00,62.338064945690846
2024-01-21 06:00:00,60.98238481746458
2024-01-21 07:00:00,83.18264695946212
2024-01-21 08:00:00,86.02310715258673
2024-01-21 09:00:00,77.07679070999787
2024-01-21 10:00:00,81.27726062658279
2024-01-21 11:00:00,92.42976643349704
2024-01-21 12:00:00,80.05696798947007
2024-01-21 13:00:00,83.77817487803507
2024-01-21 14:00:00,78.465764272126
2024-01-21 15:00:00,75.54987683684384
2024-01-21 16:00:00,73.7185291105755
2024-01-21 17:00:00,81.90809097622132
2024-01-21 18:00:00,55.45193676937303
2024-01-21 19:00:00,67.78443372384677
2024-01-21 20:00:00,61.56115082251643
2024-01-21 21:00:00,63.10681842295278
2024-01-21 22:00:00,54.24271952932894
2024-01-21 23:00:00,47.16223635883271
2024-01-22 00:00:00,50.81193627707395
2024-01-22 01:00:00,65.94382272005654
2024-01-22 02:00:00,63.9987542268853
2024-01-22 03:00:00,59.26108850824049
2024-01-22 04:00:00,74.62423496980388
2024-01-22 05:00:00,68.6141663267407
2024-01-22 06:00:00,77.35466980045749
2024-01-22 07:00:00,77.70734773207224
2024-01-22 08:00:00,91.64220350755014
2024-01-22 09:00:00,83.56470486852966
2024-01-22 10:00:00,92.31253039144671
2024-01-22 11:00:00,91.46744985402904
2024-01-22 12:00:00,99.49969106152216
2024-01-22 13:00:00,99.82104701390509
2024-01-22 14:00:00,85.88647957512028
2024-01-22 15:00:00,94.79747742446322
2024-01-22 16:00:00,75.59473539457547
2024-01-22 17:00:00,100.0
2024-01-22 18:00:00,73.32600145780182
2024-01-22 19:00:00,80.64012220371318
2024-01-22 20:00:00,69.03638070050813
2024-01-22 21:00:00,65.22390971837332
2024-01-22 22:00:00,50.78721362546151
2024-01-22 23:00:00,64.8699552287615
2024-01-23 00:00:00,65.6530685358547
2024-01-23 01:00:00,69.71112423820269
2024-01-23 02:00:00,67.22693237002863
2024-01-23 03:00:00,72.17599568204983
2024-01-23 04:00:00,68.18504582256307
2024-01-23 05:00:00,78.88754083369045
2024-01-23 06:00:00,81.93256845780131
2024-01-23 07:00:00,84.828125218327
2024-01-23 08:00:00,96.37715158985425
2024-01-23 09:00:00,100.0
2024-01-23 10:00:00,100.0
2024-01-23 11:00:00,100.0
2024-01-23 12:00:00,100.0
2024-01-23 13:00:00,100.0
2024-01-23 14:00:00,100.0
2024-01-23 15:00:00,100.0
2024-01-23 16:00:00,100.0
2024-01-23 17:00:00,80.87842404884904
2024-01-23 18:00:00,82.7984940534461
2024-01-23 19:00:00,82.88091115289123
2024-01-23 20:00:00,62.694639740066776
2024-01-23 21:00:00,82.27969897677514
2024-01-23 22:00:00,70.08382543797404
2024-01-23 23:00:00,73.70711987144496
2024-01-24 00:00:00,76.26411338138281
2024-01-24 01:00:00,71.29175703241705
2024-01-24 02:00:00,52.13402418164145
2024-01-24 03:00:00,74.35933182496278
2024-01-24 04:00:00,79.01964075705027
2024-01-24 05:00:00,73.45786227616927
2024-01-24 06:00:00,73.0164213427378
2024-01-24 07:00:00,96.208176095191
2024-01-24 08:00:00,87.34954984695571
2024-01-24 09:00:00,100.0
2024-01-24 10:00:00,100.0
2024-01-24 11:00:00,100.0
2024-01-24 12:00:00,100.0
2024-01-24 13:00:00,100.0
2024-01-24 14:00:00,100.0
2024-01-24 15:00:00,100.0
2024-01-24 16:00:00,81.07347152417186
2024-01-24 17:00:00,99.66632216358985
2024-01-24 18:00:00,92.73950357186723
2024-01-24 19:00:00,80.98442789164835
2024-01-24 20:00:00,74.12534275501402
2024-01-24 21:00:00,70.86833197849269
2024-01-24 22:00:00,72.34954505163844
2024-01-24 23:00:00,77.80634754570701
2024-01-25 00:00:00,57.73322553534733
2024-01-25 01:00:00,49.07871771648502
2024-01-25 02:00:00,84.57214254377803
2024-01-25 03:00:00,73.25109541185428
2024-01-25 04:00:00,68.89557338110927
2024-01-25 05:00:00,86.36429091734057
2024-01-25 06:00:00,89.50408105590485
2024-01-25 07:00:00,91.15380150676306
2024-01-25 08:00:00,88.22737985336691
2024-01-25 09:00:00,100.0
2024-01-25 10:00:00,100.0
2024-01-25 11:00:00,87.61562337868577
2024-01-25 12:00:00,100.0
2024-01-25 13:00:00,100.0
2024-01-25 14:00:00,100.0
2024-01-25 15:00:00,96.58782036296927
2024-01-25 16:00:00,100.0
2024-01-25 17:00:00,85.57132479248087
2024-01-25 18:00:00,82.06782753470542
2024-01-25 19:00:00,79.44368454556385
2024-01-25 20:00:00,70.6748184585175
2024-01-25 21:00:00,56.87386077318528
2024-01-25 22:00:00,66.50117049871758
2024-01-25 23:00:00,64.59840449205463
2024-01-26 00:00:00,50.518906339158995
2024-01-26 01:00:00,53.06782290643624
2024-01-26 02:00:00,40.0
2024-01-26 03:00:00,68.97923508333301
2024-01-26 04:00:00,70.66699549324511
2024-01-26 05:00:00,57.5843555144192
2024-01-26 06:00:00,68.06427967407869
2024-01-26 07:00:00,90.23720119865175
2024-01-26 08:00:00,74.23847576367042
2024-01-26 09:00:00,91.45171809382751
2024-01-26 10:00:00,86.87091895722212
2024-01-26 11:00:00,96.09082868340903
2024-01-26 12:00:00,93.89691247937228
2024-01-26 13:00:00,90.55310194364982
2024-01-26 14:00:00,93.93375488775504
2024-01-26 15:00:00,83.70746173696743
2024-01-26 16:00:00,69.2404723903497
2024-01-26 17:00:00,71.27356989998346
2024-01-26 18:00:00,65.14072992288479
2024-01-26 19:00:00,55.5188965304844
2024-01-26 20:00:00,66.48806300065284
2024-01-26 21:00:00,58.013225095225636
2024-01-26 22:00:00,59.053146468599856
2024-01-26 23:00:00,58.394252110825136
2024-01-27 00:00:00,54.1926985291882
2024-01-27 01:00:00,52.08243701248458
2024-01-27 02:00:00,42.9928345330026
2024-01-27 03:00:00,58.64891173529141
2024-01-27 04:00:00,59.93391284464564
2024-01-27 05:00:00,80.50856403590163
2024-01-27 06:00:00,68.23208519790688
2024-01-27 07:00:00,76.41294944080616
2024-01-27 08:00:00,77.41939715634729
2024-01-27 09:00:00,82.71593623013447
2024-01-27 10:00:00,85.35886681782458
2024-01-27 11:00:00,84.03342526494615
2024-01-27 12:00:00,89.61535838477876
2024-01-27 13:00:00,92.4937609594751
2024-01-27 14:00:00,82.1702473114018
2024-01-27 15:00:00,89.03714637646048
2024-01-27 16:00:00,83.9295388554155
2024-01-27 17:00:00,66.35397088002384
2024-01-27 18:00:00,60.51480196161085
2024-01-27 19:00:00,66.63779783933045
2024-01-27 20:00:00,53.5332970346617
2024-01-27 21:00:00,45.73039428657741
2024-01-27 22:00:00,64.6575183559722
2024-01-27 23:00:00,41.198341596232325
2024-01-28 00:00:00,40.0
2024-01-28 01:00:00,44.59964284832968
2024-01-28 02:00:00,54.725015729541134
2024-01-28 03:00:00,56.643251024361575
2024-01-28 04:00:00,75.2993092447069
2024-01-28 05:00:00,58.88270909312515
2024-01-28 06:00:00,72.1001166072305
2024-01-28 07:00:00,84.41978913446015
2024-01-28 08:00:00,74.94800211131918
2024-01-28 09:00:00,89.99668996151813
2024-01-28 10:00:00,72.89253171602181
2024-01-28 11:00:00,100.0
2024-01-28 12:00:00,98.1967180872014
2024-01-28 13:00:00,84.11640431722272
2024-01-28 14:00:00,94.20696984144107
2024-01-28 15:00:00,94.9001501364624
2024-01-28 16:00:00,69.9478344204876
2024-01-28 17:00:00,70.63917257524302
2024-01-28 18:00:00,81.03511394970373
2024-01-28 19:00:00,65.63448062639901
2024-01-28 20:00:00,63.765039512495
2024-01-28 21:00:00,56.69978416598794
2024-01-28 22:00:00,60.09637640847572
2024-01-28 23:00:00,55.07454210741033
2024-01-29 00:00:00,58.962290218833175
2024-01-29 01:00:00,41.985126173106664
2024-01-29 02:00:00,65.92139262382679
2024-01-29 03:00:00,69.8182396189082
2024-01-29 04:00:00,58.21476822127866
2024-01-29 05:00:00,63.58653880936908
2024-01-29 06:00:00,82.28113151663051
2024-01-29 07:00:00,84.87595597236773
2024-01-29 08:00:00,72.3512576438393
2024-01-29 09:00:00,85.72020006374835
2024-01-29 10:00:00,97.99012271405651
2024-01-29 11:00:00,100.0
2024-01-29 12:00:00,93.4935796364839
2024-01-29 13:00:00,96.3116297868542
2024-01-29 14:00:00,88.46308817316098
2024-01-29 15:00:00,100.0
2024-01-29 16:00:00,89.58336671117611
2024-01-29 17:00:00,78.02616690446993
2024-01-29 18:00:00,68.94551258150835
2024-01-29 19:00:00,62.88907596043417
2024-01-29 20:00:00,82.69762534086442
2024-01-29 21:00:00,62.679588983523324
2024-01-29 22:00:00,57.69777433766987
2024-01-29 23:00:00,57.19461586671908
2024-01-30 00:00:00,61.000351218309206
2024-01-30 01:00:00,65.87206081096325
2024-01-30 02:00:00,69.01021220849361
2024-01-30 03:00:00,72.03381746271863
2024-01-30 04:00:00,65.95977421386986
2024-01-30 05:00:00,88.02825531558607
2024-01-30 06:00:00,81.64614468609584
2024-01-30 07:00:00,85.9815260495537
2024-01-30 08:00:00,90.44847556689889
2024-01-30 09:00:00,91.80607755181082
2024-01-30 10:00:00,100.0
2024-01-30 11:00:00,100.0
2024-01-30 12:00:00,100.0
2024-01-30 13:00:00,90.67575281173356
2024-01-30 14:00:00,95.2104656377972
2024-01-30 15:00:00,96.66735414632377
2024-01-30 16:00:00,86.26465539946466
2024-01-30 17:00:00,86.50729705491796
2024-01-30 18:00:00,81.71318684460766
2024-01-30 19:00:00,80.82973213383714
2024-01-30 20:00:00,64.49502925677406
2024-01-30 21:00:00,76.63806812096932
2024-01-30 22:00:00,82.1109310086408
2024-01-30 23:00:00,78.26298142676013
2024-01-31 00:00:00,63.41180320142199
2024-01-31 01:00:00,74.11951291726298
2024-01-31 02:00:00,75.17494229927424
2024-01-31 03:00:00,73.60771477455152
2024-01-31 04:00:00,79.51872860508675
2024-01-31 05:00:00,88.39528472247714
2024-01-31 06:00:00,95.17895345861216
2024-01-31 07:00:00,86.79958159243066
2024-01-31 08:00:00,100.0
2024-01-31 09:00:00,100.0
2024-01-31 10:00:00,100.0
2024-01-31 11:00:00,100.0
2024-01-31 12:00:00,87.47158281268094
2024-01-31 13:00:00,100.0
2024-01-31 14:00:00,100.0
2024-01-31 15:00:00,100.0
2024-01-31 16:00:00,89.1532555026917
2024-01-31 17:00:00,89.29014870516505
2024-01-31 18:00:00,95.37182217510296
2024-01-31 19:00:00,74.51843072351416
2024-01-31 20:00:00,80.1153059188077
2024-01-31 21:00:00,73.90377934619075
2024-01-31 22:00:00,69.29810199651864
2024-01-31 23:00:00,73.4537597920987
2024-02-01 00:00:00,53.86087092539679
2024-02-01 01:00:00,57.23005821957878
2024-02-01 02:00:00,64.35964233310612
2024-02-01 03:00:00,59.047178001241754
2024-02-01 04:00:00,82.65077873897377
2024-02-01 05:00:00,71.24151809278813
2024-02-01 06:00:00,89.10330466857546
2024-02-01 07:00:00,80.98965408868962
2024-02-01 08:00:00,98.45550906532918
2024-02-01 09:00:00,84.09790941831238
2024-02-01 10:00:00,100.0
2024-02-01 11:00:00,100.0
2024-02-01 12:00:00,98.41979044708447
2024-02-01 13:00:00,95.55848175519861
2024-02-01 14:00:00,100.0
2024-02-01 15:00:00,84.78763968327414
2024-02-01 16:00:00,93.13700230229662
2024-02-01 17:00:00,81.57929080461975
2024-02-01 18:00:00,80.83376823365768
2024-02-01 19:00:00,72.54570985921113
2024-02-01 20:00:00,66.49056364067008
2024-02-01 21:00:00,82.3783621150555
2024-02-01 22:00:00,71.8106160427662
2024-02-01 23:00:00,51.733987642570085
2024-02-02 00:00:00,47.21185777920761
2024-02-02 01:00:00,61.76407250021425
2024-02-02 02:00:00,64.65661524003303
2024-02-02 03:00:00,49.00946315030146
2024-02-02 04:00:00,69.82573090275503
2024-02-02 05:00:00,71.18537591420781
2024-02-02 06:00:00,58.71279594063866
2024-02-02 07:00:00,76.20158659003684
2024-02-02 08:00:00,83.1661126782983
2024-02-02 09:00:00,88.7901210497415
2024-02-02 10:00:00,81.02052853416978
2024-02-02 11:00:00,87.48370702331432
2024-02-02 12:00:00,89.29039639579274
2024-02-02 13:00:00,89.31168887145283
2024-02-02 14:00:00,87.45173835058516
2024-02-02 15:00:00,87.36891396330343
2024-02-02 16:00:00,86.76956632174111
2024-02-02 17:00:00,93.66729187299427
2024-02-02 18:00:00,81.26884697716916
2024-02-02 19:00:00,79.66489493679367
2024-02-02 20:00:00,60.46495501654603
2024-02-02 21:00:00,52.14211144503054
2024-02-02 22:00:00,63.41115817336424
2024-02-02 23:00:00,54.87669177378434
2024-02-03 00:00:00,54.761628263006855
2024-02-03 01:00:00,42.54679931347829
2024-02-03 02:00:00,56.79645812436178
2024-02-03 03:00:00,53.388849668868765
2024-02-03 04:00:00,55.25040508210213
2024-02-03 05:00:00,60.83181770456721
2024-02-03 06:00:00,72.87034384377017
2024-02-03 07:00:00,80.32101971256209
2024-02-03 08:00:00,76.02482679195914
2024-02-03 09:00:00,85.85738607881301
2024-02-03 10:00:00,89.01244283201905
2024-02-03 11:00:00,94.19524678166867
2024-02-03 12:00:00,96.86998869586895
2024-02-03 13:00:00,100.0
2024-02-03 14:00:00,82.58307568104726
2024-02-03 15:00:00,94.81077729252445
2024-02-03 16:00:00,79.92978924597216
2024-02-03 17:00:00,65.4157972782077
2024-02-03 18:00:00,63.79858190504213
2024-02-03 19:00:00,67.55838962706903
2024-02-03 20:00:00,64.80180703676295
2024-02-03 21:00:00,46.744074637775
2024-02-03 22:00:00,45.58940276066342
2024-02-03 23:00:00,45.442166882614785
2024-02-04 00:00:00,44.05426855919031
2024-02-04 01:00:00,40.0
2024-02-04 02:00:00,40.0
2024-02-04 03:00:00,53.77851550856519
2024-02-04 04:00:00,62.996374147263474
2024-02-04 05:00:00,71.05267555624077
2024-02-04 06:00:00,60.09033078639584
2024-02-04 07:00:00,65.40730311506965
2024-02-04 08:00:00,76.7748381012954
2024-02-04 09:00:00,85.17177394693921
2024-02-04 10:00:00,96.39829135293226
2024-02-04 11:00:00,96.07245532734167
2024-02-04 12:00:00,88.07416865283149
2024-02-04 13:00:00,93.22118475870089
2024-02-04 14:00:00,81.59825173259426
2024-02-04 15:00:00,85.76759101284581
2024-02-04 16:00:00,80.53593477361736
2024-02-04 17:00:00,87.45075211252947
2024-02-04 18:00:00,74.99302533642822
2024-02-04 19:00:00,59.70655516972196
2024-02-04 20:00:00,54.969409607261966
2024-02-04 21:00:00,54.25161210084351
2024-02-04 22:00:00,41.22687565046891
2024-02-04 23:00:00,49.909063984716035
2024-02-05 00:00:00,57.74141645713454
2024-02-05 01:00:00,63.309020414240486
2024-02-05 02:00:00,66.47644842376233
2024-02-05 03:00:00,65.5537811076031
2024-02-05 04:00:00,55.869275737082674
2024-02-05 05:00:00,63.9690958529363
2024-02-05 06:00:00,74.07764138934267
2024-02-05 07:00:00,89.31782504323698
2024-02-05 08:00:00,93.87593609467416
2024-02-05 09:00:00,91.07900553901912
2024-02-05 10:00:00,100.0
2024-02-05 11:00:00,100.0
2024-02-05 12:00:00,100.0
2024-02-05 13:00:00,100.0
2024-02-05 14:00:00,99.94437707631596
2024-02-05 15:00:00,96.18691065648244
2024-02-05 16:00:00,74.5245654909326
2024-02-05 17:00:00,75.73553633949452
2024-02-05 18:00:00,77.19696777178241
2024-02-05 19:00:00,74.82529290097746
2024-02-05 20:00:00,67.98767343096931
2024-02-05 21:00:00,67.02403601363652
2024-02-05 22:00:00,44.845676688019026
2024-02-05 23:00:00,63.72401883239165
2024-02-06 00:00:00,67.31726798076403
2024-02-06 01:00:00,66.0066831123897
2024-02-06 02:00:00,76.92741928273358
2024-02-06 03:00:00,64.32766016548896
2024-02-06 04:00:00,74.94353580912185
2024-02-06 05:00:00,83.9422927932527
2024-02-06 06:00:00,80.02386770920752
2024-02-06 07:00:00,76.00221902944723
2024-02-06 08:00:00,87.63290084326033
2024-02-06 09:00:00,100.0
2024-02-06 10:00:00,100.0
2024-02-06 11:00:00,100.0
2024-02-06 12:00:00,100.0
2024-02-06 13:00:00,95.700786461227
2024-02-06 14:00:00,100.0
2024-02-06 15:00:00,99.69959581164937
2024-02-06 16:00:00,100.0
2024-02-06 17:00:00,86.09381033037651
2024-02-06 18:00:00,70.73672353895526
2024-02-06 19:00:00,60.896110510035896
2024-02-06 20:00:00,73.70104929780804
2024-02-06 21:00:00,73.79857246083752
2024-02-06 22:00:00,67.74305831021213
2024-02-06 23:00:00,63.08697819121361
2024-02-07 00:00:00,56.13123510140758
2024-02-07 01:00:00,54.43351201720266
2024-02-07 02:00:00,74.48924812687923
2024-02-07 03:00:00,72.9132442665338
2024-02-07 04:00:00,75.97267498446958
2024-02-07 05:00:00,71.37506473513213
2024-02-07 06:00:00,81.16003225120883
2024-02-07 07:00:00,94.43193252258668
2024-02-07 08:00:00,100.0
2024-02-07 09:00:00,100.0
2024-02-07 10:00:00,100.0
2024-02-07 11:00:00,100.0
2024-02-07 12:00:00,100.0
2024-02-07 13:00:00,100.0
2024-02-07 14:00:00,100.0
2024-02-07 15:00:00,100.0
2024-02-07 16:00:00,93.94338401030977
2024-02-07 17:00:00,91.48378779280337
2024-02-07 18:00:00,79.15733380978722
2024-02-07 19:00:00,91.25561738208432
2024-02-07 20:00:00,81.63897341594198
2024-02-07 21:00:00,83.59977285153639
2024-02-07 22:00:00,73.28259258348471
2024-02-07 23:00:00,78.47464640371841
2024-02-08 00:00:00,57.58470225705776
2024-02-08 01:00:00,72.14704775524794
2024-02-08 02:00:00,63.06925130391698
2024-02-08 03:00:00,69.4550304402753
2024-02-08 04:00:00,79.40838645378984
2024-02-08 05:00:00,97.03252316267563
2024-02-08 06:00:00,90.15122888480099
2024-02-08 07:00:00,96.08658765075302
2024-02-08 08:00:00,89.23704580677189
2024-02-08 09:00:00,99.00282076842855
2024-02-08 10:00:00,100.0
2024-02-08 11:00:00,100.0
2024-02-08 12:00:00,100.0
2024-02-08 13:00:00,100.0
2024-02-08 14:00:00,90.5351945088017
2024-02-08 15:00:00,100.0
2024-02-08 16:00:00,86.74591686266139
2024-02-08 17:00:00,95.64920957019318
2024-02-08 18:00:00,76.7317434829921
2024-02-08 19:00:00,83.42141611331013
2024-02-08 20:00:00,65.95495344654626
2024-02-08 21:00:00,77.80999441230928
2024-02-08 22:00:00,73.10636993043173
2024-02-08 23:00:00,59.54553013268756
2024-02-09 00:00:00,59.621179116127266
2024-02-09 01:00:00,63.262079478978904
2024-02-09 02:00:00,50.29870608747195
2024-02-09 03:00:00,52.596239988320775
2024-02-09 04:00:00,56.444592292337866
2024-02-09 05:00:00,60.139259409003145
2024-02-09 06:00:00,66.41555091991907
2024-02-09 07:00:00,87.60361203727416
2024-02-09 08:00:00,89.49635580607858
2024-02-09 09:00:00,75.6123071361341
2024-02-09 10:00:00,88.28199297634424
2024-02-09 11:00:00,85.10327637387
2024-02-09 12:00:00,100.0
2024-02-09 13:00:00,90.77806674210647
2024-02-09 14:00:00,80.02643657290758
2024-02-09 15:00:00,90.56943581964822
2024-02-09 16:00:00,89.92254829277299
2024-02-09 17:00:00,72.62203663783444
2024-02-09 18:00:00,72.96054764220958
2024-02-09 19:00:00,62.68896197045798
2024-02-09 20:00:00,75.04151766055003
2024-02-09 21:00:00,57.50076957886281
2024-02-09 22:00:00,52.003188417750664
2024-02-09 23:00:00,55.373913368933565
2024-02-10 00:00:00,48.03682924909958
2024-02-10 01:00:00,55.89128628795094
2024-02-10 02:00:00,62.11435716851603
2024-02-10 03:00:00,65.35796959519219
2024-02-10 04:00:00,56.66049209997277
2024-02-10 05:00:00,66.98491092181283
2024-02-10 06:00:00,81.63301381497502
2024-02-10 07:00:00,87.12201767567132
2024-02-10 08:00:00,72.727028843042
2024-02-10 09:00:00,88.61900721143743
2024-02-10 10:00:00,90.44969428639253
2024-02-10 11:00:00,96.47779028383754
2024-02-10 12:00:00,99.70174571917032
2024-02-10 13:00:00,80.74814540186516
2024-02-10 14:00:00,81.55715035981905
2024-02-10 15:00:00,91.16970617256798
2024-02-10 16:00:00,80.95557831114563
2024-02-10 17:00:00,57.13441528791908
2024-02-10 18:00:00,56.45033628311819
2024-02-10 19:00:00,69.90943182259544
2024-02-10 20:00:00,66.50274674879668
2024-02-10 21:00:00,44.85645388421982
2024-02-10 22:00:00,61.27195533749628
2024-02-10 23:00:00,48.90805951561717
2024-02-11 00:00:00,43.559557722934855
2024-02-11 01:00:00,47.943098889038986
2024-02-11 02:00:00,44.64616042509876
2024-02-11 03:00:00,52.68382259236794
2024-02-11 04:00:00,46.80669409000784
2024-02-11 05:00:00,65.99546513705091
2024-02-11 06:00:00,76.46409090847969
2024-02-11 07:00:00,66.16875434140599
2024-02-11 08:00:00,81.91256711797813
2024-02-11 09:00:00,79.48595612528358
2024-02-11 10:00:00,94.45658325953609
2024-02-11 11:00:00,72.59356007029297
2024-02-11 12:00:00,97.49004283326425
2024-02-11 13:00:00,76.57602756899891
2024-02-11 14:00:00,87.44518090271275
2024-02-11 15:00:00,80.27961806264992
2024-02-11 16:00:00,78.9278357302791
2024-02-11 17:00:00,64.75934576655038
2024-02-11 18:00:00,85.1038238167991
2024-02-11 19:00:00,56.35846894372517
2024-02-11 20:00:00,52.17075739282191
2024-02-11 21:00:00,72.05304707155034
2024-02-11 22:00:00,57.10235480148312
2024-02-11 23:00:00,42.49331284906986
2024-02-12 00:00:00,58.63852675395497
2024-02-12 01:00:00,58.46910765508741
2024-02-12 02:00:00,48.85637693283878
2024-02-12 03:00:00,59.47448710721724
2024-02-12 04:00:00,69.47630956206105
2024-02-12 05:00:00,84.64694937568288
2024-02-12 06:00:00,78.18598005919408
2024-02-12 07:00:00,83.9684698201101
2024-02-12 08:00:00,83.18454898525958
2024-02-12 09:00:00,100.0
2024-02-12 10:00:00,100.0
2024-02-12 11:00:00,100.0
2024-02-12 12:00:00,100.0
2024-02-12 13:00:00,86.25896925334027
2024-02-12 14:00:00,100.0
2024-02-12 15:00:00,94.33907837796039
2024-02-12 16:00:00,87.27420437280587
2024-02-12 17:00:00,88.51162171585753
2024-02-12 18:00:00,81.5457177232596
2024-02-12 19:00:00,66.0268670160593
2024-02-12 20:00:00,67.19508074868598
2024-02-12 21:00:00,50.39121745148752
2024-02-12 22:00:00,63.1384321896161
2024-02-12 23:00:00,71.09786457511038
2024-02-13 00:00:00,53.23338446138456
2024-02-13 01:00:00,69.31344536781224
2024-02-13 02:00:00,75.63488930373863
2024-02-13 03:00:00,80.00092112910544
2024-02-13 04:00:00,71.64731457044306
2024-02-13 05:00:00,73.62723769160907
2024-02-13 06:00:00,82.92968048396867
2024-02-13 07:00:00,100.0
2024-02-13 08:00:00,83.9589145902961
2024-02-13 09:00:00,92.0543911901737
2024-02-13 10:00:00,100.0
2024-02-13 11:00:00,99.16240185728036
2024-02-13 12:00:00,100.0
2024-02-13 13:00:00,100.0
2024-02-13 14:00:00,95.35311089792721
2024-02-13 15:00:00,100.0
2024-02-13 16:00:00,97.60640618943943
2024-02-13 17:00:00,90.17673663211941
2024-02-13 18:00:00,75.05427768393234
2024-02-13 19:00:00,77.407324187086
2024-02-13 20:00:00,72.6122502281226
2024-02-13 21:00:00,78.62146883586007
2024-02-13 22:00:00,73.7363308943591
2024-02-13 23:00:00,55.97115384040152
2024-02-14 00:00:00,66.54334156940239
2024-02-14 01:00:00,66.32450601625465
2024-02-14 02:00:00,87.96675017552468
2024-02-14 03:00:00,77.85069757412694
2024-02-14 04:00:00,71.03945217717006
2024-02-14 05:00:00,78.27282702052015
2024-02-14 06:00:00,86.6398598837901
2024-02-14 07:00:00,97.74817635650538
2024-02-14 08:00:00,100.0
2024-02-14 09:00:00,100.0
2024-02-14 10:00:00,100.0
2024-02-14 11:00:00,100.0
2024-02-14 12:00:00,100.0
2024-02-14 13:00:00,94.7558828426335
2024-02-14 14:00:00,100.0
2024-02-14 15:00:00,99.23401222045405
2024-02-14 16:00:00,86.49189905076966
2024-02-14 17:00:00,100.0
2024-02-14 18:00:00,92.21423321288331
2024-02-14 19:00:00,84.65688130313177
2024-02-14 20:00:00,76.7640439881589
2024-02-14 21:00:00,81.43734373235321
2024-02-14 22:00:00,63.123421311519216
2024-02-14 23:00:00,67.92681237350965
2024-02-15 00:00:00,56.7237862167677
2024-02-15 01:00:00,70.79977135571919
2024-02-15 02:00:00,60.415979583589156
2024-02-15 03:00:00,79.02353546940722
2024-02-15 04:00:00,73.5654772732077
2024-02-15 05:00:00,85.3838520205735
2024-02-15 06:00:00,87.56781499694388
2024-02-15 07:00:00,98.02391526996088
2024-02-15 08:00:00,86.89679470168757
2024-02-15 09:00:00,100.0
2024-02-15 10:00:00,86.80726986770927
2024-02-15 11:00:00,100.0
2024-02-15 12:00:00,100.0
2024-02-15 13:00:00,92.48355179358397
2024-02-15 14:00:00,94.57832918947437
2024-02-15 15:00:00,93.42751970119804
2024-02-15 16:00:00,92.84284820484025
2024-02-15 17:00:00,85.3974771228975
2024-02-15 18:00:00,85.0647329979273
2024-02-15 19:00:00,72.61150955682051
2024-02-15 20:00:00,70.61892714953824
2024-02-15 21:00:00,67.9837563874605
2024-02-15 22:00:00,68.57931400844505
2024-02-15 23:00:00,71.91994580837633
2024-02-16 00:00:00,62.60394512759849
2024-02-16 01:00:00,58.36062825368085
2024-02-16 02:00:00,61.90542067617034
2024-02-16 03:00:00,64.1413360960166
2024-02-16 04:00:00,63.276030760044804
2024-02-16 05:00:00,77.82608305981523
2024-02-16 06:00:00,68.48658297502195
2024-02-16 07:00:00,64.59828064448114
2024-02-16 08:00:00,77.47978016879605
2024-02-16 09:00:00,100.0
2024-02-16 10:00:00,90.7780017784771
2024-02-16 11:00:00,97.3371391599907
2024-02-16 12:00:00,93.63862222614699
2024-02-16 13:00:00,99.64669328907029
2024-02-16 14:00:00,93.7256953103873
2024-02-16 15:00:00,89.43751723048985
2024-02-16 16:00:00,90.75897613498992
2024-02-16 17:00:00,77.30433862165563
2024-02-16 18:00:00,78.83463526410162
2024-02-16 19:00:00,69.2884905858217
2024-02-16 20:00:00,65.00786652476093
2024-02-16 21:00:00,55.180992706116356
2024-02-16 22:00:00,56.82838682762398
2024-02-16 23:00:00,52.23271494461354
2024-02-17 00:00:00,59.51472334578789
2024-02-17 01:00:00,40.0
2024-02-17 02:00:00,60.27819651950492
2024-02-17 03:00:00,42.39306016836462
2024-02-17 04:00:00,64.79161411245654
2024-02-17 05:00:00,58.62029800979646
2024-02-17 06:00:00,75.03373067286243
2024-02-17 07:00:00,74.71329317140625
2024-02-17 08:00:00,69.05358926034425
2024-02-17 09:00:00,95.5281318239055
2024-02-17 10:00:00,94.05535820992735
2024-02-17 11:00:00,93.87023161113507
2024-02-17 12:00:00,85.40798524822938
2024-02-17 13:00:00,96.34276841070282
2024-02-17 14:00:00,77.59470185417399
2024-02-17 15:00:00,66.8658051689129
2024-02-17 16:00:00,68.05086334567241
2024-02-17 17:00:00,68.35457868461856
2024-02-17 18:00:00,64.52003877442462
2024-02-17 19:00:00,61.90823616829918
2024-02-17 20:00:00,57.444531518130646
2024-02-17 21:00:00,51.23178728699797
2024-02-17 22:00:00,40.0
2024-02-17 23:00:00,52.800363132099854
2024-02-18 00:00:00,50.40009076049271
2024-02-18 01:00:00,47.6328553599124
2024-02-18 02:00:00,66.39041459133504
2024-02-18 03:00:00,56.45192556983782
2024-02-18 04:00:00,63.004269743630516
2024-02-18 05:00:00,73.73106797016518
2024-02-18 06:00:00,60.626392694100026
2024-02-18 07:00:00,77.54541167859661
2024-02-18 08:00:00,88.89492581199185
2024-02-18 09:00:00,85.97067915596793
2024-02-18 10:00:00,79.45757391000173
2024-02-18 11:00:00,88.0271512679863
2024-02-18 12:00:00,94.08496324168573
2024-02-18 13:00:00,75.04119525429428
2024-02-18 14:00:00,79.08155373855425
2024-02-18 15:00:00,100.0
2024-02-18 16:00:00,86.46831899309358
2024-02-18 17:00:00,89.64037433336438
2024-02-18 18:00:00,79.53140233161619
2024-02-18 19:00:00,70.5809807368652
2024-02-18 20:00:00,60.13749035594395
2024-02-18 21:00:00,61.522331412809024
2024-02-18 22:00:00,66.89859326664094
2024-02-18 23:00:00,59.909814448958365
2024-02-19 00:00:00,61.781448626824265
2024-02-19 01:00:00,59.754304882640945
2024-02-19 02:00:00,67.12231036006702
2024-02-19 03:00:00,62.0623850279028
2024-02-19 04:00:00,74.45328856724336
2024-02-19 05:00:00,69.71010022787837
2024-02-19 06:00:00,77.6433897319832
2024-02-19 07:00:00,77.43412577815444
2024-02-19 08:00:00,86.96591602705085
2024-02-19 09:00:00,89.16096650961587
2024-02-19 10:00:00,100.0
2024-02-19 11:00:00,92.6604661696728
2024-02-19 12:00:00,100.0
2024-02-19 13:00:00,92.25063722060533
2024-02-19 14:00:00,98.20748739271976
2024-02-19 15:00:00,96.97790163695755
2024-02-19 16:00:00,75.7122451801713
2024-02-19 17:00:00,74.52047534100315
2024-02-19 18:00:00,72.89295258959591
2024-02-19 19:00:00,64.93269399903049
2024-02-19 20:00:00,71.21228328300276
2024-02-19 21:00:00,68.34273948771605
2024-02-19 22:00:00,54.723781496748444
2024-02-19 23:00:00,62.228567959025995
2024-02-20 00:00:00,64.98381467782559
2024-02-20 01:00:00,68.26675056763362
2024-02-20 02:00:00,66.0378127433994
2024-02-20 03:00:00,78.14945714587115
2024-02-20 04:00:00,91.4744047393758
2024-02-20 05:00:00,89.41789528074202
2024-02-20 06:00:00,99.55136102124618
2024-02-20 07:00:00,82.36264864298273
2024-02-20 08:00:00,93.00782496156695
2024-02-20 09:00:00,100.0
2024-02-20 10:00:00,100.0
2024-02-20 11:00:00,100.0
2024-02-20 12:00:00,100.0
2024-02-20 13:00:00,100.0
2024-02-20 14:00:00,100.0
2024-02-20 15:00:00,100.0
2024-02-20 16:00:00,92.06037230976057
2024-02-20 17:00:00,91.30952910077195
2024-02-20 18:00:00,88.34432736936976
2024-02-20 19:00:00,74.60869594754479
2024-02-20 20:00:00,86.34515164767913
2024-02-20 21:00:00,70.81465663715142
2024-02-20 22:00:00,70.57722472914901
2024-02-20 23:00:00,77.44487949330409
2024-02-21 00:00:00,69.41858113155327
2024-02-21 01:00:00,78.94755633612169
2024-02-21 02:00:00,64.8737190453172
2024-02-21 03:00:00,79.75397747550852
2024-02-21 04:00:00,87.15167640199026
2024-02-21 05:00:00,78.62640444036526
2024-02-21 06:00:00,89.01940436528625
2024-02-21 07:00:00,94.3659691031927
2024-02-21 08:00:00,100.0
2024-02-21 09:00:00,100.0
2024-02-21 10:00:00,100.0
2024-02-21 11:00:00,100.0
2024-02-21 12:00:00,100.0
2024-02-21 13:00:00,100.0
2024-02-21 14:00:00,100.0
2024-02-21 15:00:00,100.0
2024-02-21 16:00:00,100.0
2024-02-21 17:00:00,100.0
2024-02-21 18:00:00,90.80129333528612
2024-02-21 19:00:00,87.09347898849528
2024-02-21 20:00:00,76.8404087018772
2024-02-21 21:00:00,79.52067561929445
2024-02-21 22:00:00,77.94456168185492
2024-02-21 23:00:00,76.82744941229322
2024-02-22 00:00:00,63.673820167501006
2024-02-22 01:00:00,54.01581185219127
2024-02-22 02:00:00,69.74235354671326
2024-02-22 03:00:00,76.64539905064679
2024-02-22 04:00:00,67.30939167806073
2024-02-22 05:00:00,79.23940864885834
2024-02-22 06:00:00,95.87880855076432
2024-02-22 07:00:00,80.70029416030066
2024-02-22 08:00:00,92.88647069847232
2024-02-22 09:00:00,100.0
2024-02-22 10:00:00,100.0
2024-02-22 11:00:00,100.0
2024-02-22 12:00:00,100.0
2024-02-22 13:00:00,100.0
2024-02-22 14:00:00,100.0
2024-02-22 15:00:00,100.0
2024-02-22 16:00:00,97.07332095794143
2024-02-22 17:00:00,92.91103964734444
2024-02-22 18:00:00,90.4949953245394
2024-02-22 19:00:00,77.67228944460702
2024-02-22 20:00:00,67.6558407614349
2024-02-22 21:00:00,74.86958777822852
2024-02-22 22:00:00,66.84144935444913
2024-02-22 23:00:00,62.322415773233054
2024-02-23 00:00:00,60.763861412404125
2024-02-23 01:00:00,67.45767099567739
2024-02-23 02:00:00,58.004907506039565
2024-02-23 03:00:00,62.49213510458197
2024-02-23 04:00:00,57.117168440806445
2024-02-23 05:00:00,69.61800019844154
2024-02-23 06:00:00,78.35089331656313
2024-02-23 07:00:00,81.59802962827428
2024-02-23 08:00:00,83.69258662686238
2024-02-23 09:00:00,96.54333404846412
2024-02-23 10:00:00,94.38366634194915
2024-02-23 11:00:00,100.0
2024-02-23 12:00:00,98.27011450442176
2024-02-23 13:00:00,73.95948586380015
2024-02-23 14:00:00,85.0418791393194
2024-02-23 15:00:00,95.0213455653698
2024-02-23 16:00:00,81.4804090819216
2024-02-23 17:00:00,77.15805801483414
2024-02-23 18:00:00,66.72231227776768
2024-02-23 19:00:00,67.65054213610588
2024-02-23 20:00:00,68.19683662432263
2024-02-23 21:00:00,65.5945964426702
2024-02-23 22:00:00,51.175004837596276
2024-02-23 23:00:00,63.78404227998717
2024-02-24 00:00:00,41.72254722412404
2024-02-24 01:00:00,55.44326406268148
2024-02-24 02:00:00,56.63862961190709
2024-02-24 03:00:00,49.65039416046486
2024-02-24 04:00:00,52.84550282976949
2024-02-24 05:00:00,69.15860143519922
2024-02-24 06:00:00,66.80223043755848
2024-02-24 07:00:00,74.93830849992068
2024-02-24 08:00:00,86.7892406776372
2024-02-24 09:00:00,89.27041882186707
2024-02-24 10:00:00,81.29276963718992
2024-02-24 11:00:00,90.19433245963391
2024-02-24 12:00:00,83.83135961505388
2024-02-24 13:00:00,97.59174112959808
2024-02-24 14:00:00,100.0
2024-02-24 15:00:00,78.70434965428868
2024-02-24 16:00:00,81.0782714943434
2024-02-24 17:00:00,83.84830909274304
2024-02-24 18:00:00,71.53055994063958
2024-02-24 19:00:00,70.65716504497561
2024-02-24 20:00:00,61.758986074039576
2024-02-24 21:00:00,48.75420190909364
2024-02-24 22:00:00,54.9862910316251
2024-02-24 23:00:00,61.059783331943365
2024-02-25 00:00:00,55.80996337342832
2024-02-25 01:00:00,66.9711363334693
2024-02-25 02:00:00,41.812351415046365
2024-02-25 03:00:00,62.19976611026668
2024-02-25 04:00:00,58.13009002937998
2024-02-25 05:00:00,61.13735549375825
2024-02-25 06:00:00,83.9987663273581
2024-02-25 07:00:00,76.46439031328907
2024-02-25 08:00:00,80.52031891605672
2024-02-25 09:00:00,90.22805548537458
2024-02-25 10:00:00,73.44230500598034
2024-02-25 11:00:00,100.0
2024-02-25 12:00:00,100.0
2024-02-25 13:00:00,99.99526396252949
2024-02-25 14:00:00,93.97689765079967
2024-02-25 15:00:00,85.77463563110837
2024-02-25 16:00:00,74.76803664822111
2024-02-25 17:00:00,88.10325840036055
2024-02-25 18:00:00,80.70973173256841
2024-02-25 19:00:00,71.80817965767554
2024-02-25 20:00:00,66.05729340994303
2024-02-25 21:00:00,61.65549775551723
2024-02-25 22:00:00,51.86952400829176
2024-02-25 23:00:00,74.0929917139377
2024-02-26 00:00:00,58.940115890735754
2024-02-26 01:00:00,58.497585915274875
2024-02-26 02:00:00,72.8787101835256
2024-02-26 03:00:00,66.86321773369687
2024-02-26 04:00:00,71.09167518876932
2024-02-26 05:00:00,87.38843715934948
2024-02-26 06:00:00,86.68181682313391
2024-02-26 07:00:00,92.26925590894507
2024-02-26 08:00:00,79.92047445312801
2024-02-26 09:00:00,98.61324723324252
2024-02-26 10:00:00,90.54706654553837
2024-02-26 11:00:00,96.95461820040003
2024-02-26 12:00:00,100.0
2024-02-26 13:00:00,100.0
2024-02-26 14:00:00,100.0
2024-02-26 15:00:00,100.0
2024-02-26 16:00:00,98.06428331268617
2024-02-26 17:00:00,75.72661772932375
2024-02-26 18:00:00,100.0
2024-02-26 19:00:00,75.9400960680761
2024-02-26 20:00:00,81.0212065236406
2024-02-26 21:00:00,47.065733062280614
2024-02-26 22:00:00,61.88386476844337
2024-02-26 23:00:00,50.327661709062305
2024-02-27 00:00:00,62.2636586551888
2024-02-27 01:00:00,70.24514287571954
2024-02-27 02:00:00,69.16534157894415
2024-02-27 03:00:00,85.53847737008694
2024-02-27 04:00:00,93.32504468652547
2024-02-27 05:00:00,76.26668588080143
2024-02-27 06:00:00,85.28025093573464
2024-02-27 07:00:00,86.11467902884068
2024-02-27 08:00:00,100.0
2024-02-27 09:00:00,100.0
2024-02-27 10:00:00,100.0
2024-02-27 11:00:00,100.0
2024-02-27 12:00:00,100.0
2024-02-27 13:00:00,100.0
2024-02-27 14:00:00,100.0
2024-02-27 15:00:00,100.0
2024-02-27 16:00:00,100.0
2024-02-27 17:00:00,81.3538741262299
2024-02-27 18:00:00,90.72882220801701
2024-02-27 19:00:00,78.55223637180269
2024-02-27 20:00:00,80.457656593558
2024-02-27 21:00:00,82.35043011945403
2024-02-27 22:00:00,67.48599055757802
2024-02-27 23:00:00,79.51636001653793
2024-02-28 00:00:00,57.270607807188384
2024-02-28 01:00:00,84.23345437962436
2024-02-28 02:00:00,83.7934163782986
2024-02-28 03:00:00,69.97575109815885
2024-02-28 04:00:00,74.18943228622244
2024-02-28 05:00:00,74.08383883034821
2024-02-28 06:00:00,98.5955294680469
2024-02-28 07:00:00,93.76222530564404
2024-02-28 08:00:00,98.00360347855019
2024-02-28 09:00:00,96.39801037481229
2024-02-28 10:00:00,100.0
2024-02-28 11:00:00,100.0
2024-02-28 12:00:00,100.0
2024-02-28 13:00:00,100.0
2024-02-28 14:00:00,100.0
2024-02-28 15:00:00,100.0
2024-02-28 16:00:00,98.31672531578839
2024-02-28 17:00:00,100.0
2024-02-28 18:00:00,88.50362317861996
2024-02-28 19:00:00,99.11269678903021
2024-02-28 20:00:00,75.07303448022503
2024-02-28 21:00:00,83.18469413825504
2024-02-28 22:00:00,59.926909744227416
2024-02-28 23:00:00,65.76932248409283
2024-02-29 00:00:00,59.36709200325516
2024-02-29 01:00:00,57.752236314767664
2024-02-29 02:00:00,70.8539648621838
2024-02-29 03:00:00,70.88769148132904
2024-02-29 04:00:00,57.685334684943356
2024-02-29 05:00:00,96.70849081370572
2024-02-29 06:00:00,87.33334953045556
2024-02-29 07:00:00,91.11565148785127
2024-02-29 08:00:00,100.0
2024-02-29 09:00:00,100.0
2024-02-29 10:00:00,100.0
2024-02-29 11:00:00,89.64679089372463
2024-02-29 12:00:00,100.0
2024-02-29 13:00:00,97.57338952128362
2024-02-29 14:00:00,100.0
2024-02-29 15:00:00,93.89973226437975
2024-02-29 16:00:00,92.35660255387997
2024-02-29 17:00:00,80.40710163430491
2024-02-29 18:00:00,75.88243837531594
2024-02-29 19:00:00,79.9364490896664
2024-02-29 20:00:00,74.37198858333403
2024-02-29 21:00:00,68.04550005334917
2024-02-29 22:00:00,85.10291327559861
2024-02-29 23:00:00,71.51461453636368
2024-03-01 00:00:00,57.41286370821406
2024-03-01 01:00:00,40.0
2024-03-01 02:00:00,66.62581842660866
2024-03-01 03:00:00,87.15896720789429
2024-03-01 04:00:00,65.84584217650541
2024-03-01 05:00:00,65.69359490754333
2024-03-01 06:00:00,78.66530500654945
2024-03-01 07:00:00,71.08845058342277
2024-03-01 08:00:00,91.06445567069247
2024-03-01 09:00:00,100.0
2024-03-01 10:00:00,89.3302941359122
2024-03-01 11:00:00,91.59125690212164
2024-03-01 12:00:00,96.74893178259448
2024-03-01 13:00:00,92.6998928570061
2024-03-01 14:00:00,82.61773237305852
2024-03-01 15:00:00,88.46062781740004
2024-03-01 16:00:00,82.70895175385066
2024-03-01 17:00:00,93.51847709100898
2024-03-01 18:00:00,86.65728680654722
2024-03-01 19:00:00,83.42104373014827
2024-03-01 20:00:00,73.83735261776631
2024-03-01 21:00:00,64.93231204627973
2024-03-01 22:00:00,53.11704385688778
2024-03-01 23:00:00,68.72785642153663
2024-03-02 00:00:00,54.81395346338161
2024-03-02 01:00:00,42.73351043573536
2024-03-02 02:00:00,47.409447904174506
2024-03-02 03:00:00,47.79343621109666
2024-03-02 04:00:00,45.63393338037273
2024-03-02 05:00:00,69.9865934168175
2024-03-02 06:00:00,62.15642563858392
2024-03-02 07:00:00,71.19287904261813
2024-03-02 08:00:00,82.3794091903653
2024-03-02 09:00:00,84.71231616778552
2024-03-02 10:00:00,83.69092905418542
2024-03-02 11:00:00,100.0
2024-03-02 12:00:00,79.87398332304208
2024-03-02 13:00:00,79.54343837000842
2024-03-02 14:00:00,93.0797421413968
2024-03-02 15:00:00,81.23418648789506
2024-03-02 16:00:00,76.78376414119045
2024-03-02 17:00:00,68.65447077979077
2024-03-02 18:00:00,74.82061939269319
2024-03-02 19:00:00,68.74831576970152
2024-03-02 20:00:00,63.077258318203896
2024-03-02 21:00:00,53.323114228486745
2024-03-02 22:00:00,48.80479209377598
2024-03-02 23:00:00,51.51490153636845
2024-03-03 00:00:00,61.80608331572407
2024-03-03 01:00:00,67.30515527511258
2024-03-03 02:00:00,65.65336281832072
2024-03-03 03:00:00,63.99142327517705
2024-03-03 04:00:00,71.94970132041796
2024-03-03 05:00:00,59.46505585053075
2024-03-03 06:00:00,68.39139328896248
2024-03-03 07:00:00,83.47775620727532
2024-03-03 08:00:00,83.16553209719996
2024-03-03 09:00:00,90.95763746717856
2024-03-03 10:00:00,99.27631218540631
2024-03-03 11:00:00,100.0
2024-03-03 12:00:00,85.40163804893555
2024-03-03 13:00:00,93.54724887800427
2024-03-03 14:00:00,84.0925370982017
2024-03-03 15:00:00,82.0668327659837
2024-03-03 16:00:00,70.4609211846499
2024-03-03 17:00:00,80.3976894401991
2024-03-03 18:00:00,59.878940220225466
2024-03-03 19:00:00,72.13845355601816
2024-03-03 20:00:00,75.03398120908275
2024-03-03 21:00:00,64.27158542330316
2024-03-03 22:00:00,57.27026265615676
2024-03-03 23:00:00,67.13736412057227
2024-03-04 00:00:00,64.62280782073509
2024-03-04 01:00:00,55.787410935671716
2024-03-04 02:00:00,65.69284932787792
2024-03-04 03:00:00,83.55253394470913
2024-03-04 04:00:00,63.28065866051778
2024-03-04 05:00:00,65.80902917169753
2024-03-04 06:00:00,86.95030206432749
2024-03-04 07:00:00,85.41962021791034
2024-03-04 08:00:00,87.78428142953523
2024-03-04 09:00:00,86.11362846961971
2024-03-04 10:00:00,83.76917015326772
2024-03-04 11:00:00,89.72126797057233
2024-03-04 12:00:00,100.0
2024-03-04 13:00:00,100.0
2024-03-04 14:00:00,83.6896792966119
2024-03-04 15:00:00,100.0
2024-03-04 16:00:00,100.0
2024-03-04 17:00:00,97.09223494677204
2024-03-04 18:00:00,78.70636369735634
2024-03-04 19:00:00,74.7643801512068
2024-03-04 20:00:00,73.19690063083189
2024-03-04 21:00:00,79.16674593536317
2024-03-04 22:00:00,60.345425040708236
2024-03-04 23:00:00,56.75595056064842
2024-03-05 00:00:00,75.4981345885825
2024-03-05 01:00:00,80.2928727607106
2024-03-05 02:00:00,72.19914956024284
2024-03-05 03:00:00,81.16799860231808
2024-03-05 04:00:00,80.8508208501952
2024-03-05 05:00:00,82.7695407606858
2024-03-05 06:00:00,83.326284697655
2024-03-05 07:00:00,85.91064374998606
2024-03-05 08:00:00,95.05164533931656
2024-03-05 09:00:00,96.30806774423286
2024-03-05 10:00:00,100.0
2024-03-05 11:00:00,100.0
2024-03-05 12:00:00,100.0
2024-03-05 13:00:00,100.0
2024-03-05 14:00:00,100.0
2024-03-05 15:00:00,100.0
2024-03-05 16:00:00,100.0
2024-03-05 17:00:00,91.03289901259707
2024-03-05 18:00:00,99.08310415172292
2024-03-05 19:00:00,93.87046803052563
2024-03-05 20:00:00,78.55281796384632
2024-03-05 21:00:00,81.63546604417571
2024-03-05 22:00:00,81.52602380993727
2024-03-05 23:00:00,66.9977561085326
2024-03-06 00:00:00,71.32493733305105
2024-03-06 01:00:00,73.29929261993681
2024-03-06 02:00:00,65.88104072041321
2024-03-06 03:00:00,81.37990630474208
2024-03-06 04:00:00,90.17355613480247
2024-03-06 05:00:00,85.67053635218343
2024-03-06 06:00:00,94.7214375927642
2024-03-06 07:00:00,100.0
2024-03-06 08:00:00,98.77068570746134
2024-03-06 09:00:00,100.0
2024-03-06 10:00:00,100.0
2024-03-06 11:00:00,100.0
2024-03-06 12:00:00,100.0
2024-03-06 13:00:00,100.0
2024-03-06 14:00:00,100.0
2024-03-06 15:00:00,100.0
2024-03-06 16:00:00,100.0
2024-03-06 17:00:00,100.0
2024-03-06 18:00:00,100.0
2024-03-06 19:00:00,89.59352290745416
2024-03-06 20:00:00,86.10673798021146
2024-03-06 21:00:00,75.53876203572297
2024-03-06 22:00:00,73.48272473666476
2024-03-06 23:00:00,76.70254823501674
2024-03-07 00:00:00,67.37676915648004
2024-03-07 01:00:00,73.70583201679338
2024-03-07 02:00:00,79.50090685857145
2024-03-07 03:00:00,71.7331993689804
2024-03-07 04:00:00,60.620362141694855
2024-03-07 05:00:00,97.7958567328748
2024-03-07 06:00:00,81.48340253799974
2024-03-07 07:00:00,93.44566430337903
2024-03-07 08:00:00,100.0
2024-03-07 09:00:00,100.0
2024-03-07 10:00:00,100.0
2024-03-07 11:00:00,100.0
2024-03-07 12:00:00,100.0
2024-03-07 13:00:00,100.0
2024-03-07 14:00:00,100.0
2024-03-07 15:00:00,100.0
2024-03-07 16:00:00,95.32988303496553
2024-03-07 17:00:00,85.58610588072474
2024-03-07 18:00:00,65.7462214940913
2024-03-07 19:00:00,86.98459760116303
2024-03-07 20:00:00,84.83579290206781
2024-03-07 21:00:00,78.59438254357993
2024-03-07 22:00:00,50.62964273143819
2024-03-07 23:00:00,57.399493716752964
2024-03-08 00:00:00,61.955642974842625
2024-03-08 01:00:00,73.07936028370273
2024-03-08 02:00:00,60.35338020213679
2024-03-08 03:00:00,72.71296090257914
2024-03-08 04:00:00,59.85232766003807
2024-03-08 05:00:00,74.61285738068366
2024-03-08 06:00:00,75.93956474783289
2024-03-08 07:00:00,92.81857426215201
2024-03-08 08:00:00,83.8274186959327
2024-03-08 09:00:00,100.0
2024-03-08 10:00:00,93.01418109809151
2024-03-08 11:00:00,88.91961722189609
2024-03-08 12:00:00,89.87417789739816
2024-03-08 13:00:00,92.50836768026942
2024-03-08 14:00:00,98.45894668631087
2024-03-08 15:00:00,87.44082758461177
2024-03-08 16:00:00,81.61934452997144
2024-03-08 17:00:00,90.48264062347432
2024-03-08 18:00:00,52.50267819961035
2024-03-08 19:00:00,69.5816248635519
2024-03-08 20:00:00,57.52778544917579
2024-03-08 21:00:00,57.11575127454485
2024-03-08 22:00:00,62.84044549201972
2024-03-08 23:00:00,57.2552082669035
2024-03-09 00:00:00,50.44524828052853
2024-03-09 01:00:00,63.01196227619419
2024-03-09 02:00:00,55.38958619057072
2024-03-09 03:00:00,73.12999068332465
2024-03-09 04:00:00,68.52583731617585
2024-03-09 05:00:00,59.92287619183027
2024-03-09 06:00:00,88.31030240238742
2024-03-09 07:00:00,80.24342207205652
2024-03-09 08:00:00,97.82081306196648
2024-03-09 09:00:00,84.86483324148575
2024-03-09 10:00:00,92.35445579093849
2024-03-09 11:00:00,95.6361553583377
2024-03-09 12:00:00,91.52044709018341
2024-03-09 13:00:00,100.0
2024-03-09 14:00:00,100.0
2024-03-09 15:00:00,68.67397800063239
2024-03-09 16:00:00,89.40243137973498
2024-03-09 17:00:00,70.90886657701326
2024-03-09 18:00:00,52.15068029678356
2024-03-09 19:00:00,71.8575448513743
2024-03-09 20:00:00,67.05659945567965
2024-03-09 21:00:00,64.20592502641416
2024-03-09 22:00:00,58.5593899711589
2024-03-09 23:00:00,60.59799205807694
2024-03-10 00:00:00,50.02751245794231
2024-03-10 01:00:00,57.64469323012368
2024-03-10 02:00:00,63.1259884883749
2024-03-10 03:00:00,71.54731154734861
2024-03-10 04:00:00,65.22119374659106
2024-03-10 05:00:00,67.98831631411292
2024-03-10 06:00:00,74.43778235637153
2024-03-10 07:00:00,70.51196134496398
2024-03-10 08:00:00,91.04595134622204
2024-03-10 09:00:00,77.37718920376511
2024-03-10 10:00:00,95.34644150837822
2024-03-10 11:00:00,94.89796268621699
2024-03-10 12:00:00,82.49970363299163
2024-03-10 13:00:00,82.27906364222585
2024-03-10 14:00:00,85.40772399611897
2024-03-10 15:00:00,86.31197928200652
2024-03-10 16:00:00,96.76984550541846
2024-03-10 17:00:00,79.22114259759661
2024-03-10 18:00:00,79.30717028552134
2024-03-10 19:00:00,79.89636869028988
2024-03-10 20:00:00,73.52987667730565
2024-03-10 21:00:00,60.75055679535818
2024-03-10 22:00:00,51.98909161596121
2024-03-10 23:00:00,59.63075362176662
2024-03-11 00:00:00,57.29680572034833
2024-03-11 01:00:00,77.98593273701081
2024-03-11 02:00:00,72.4125237363749
2024-03-11 03:00:00,70.32271039948961
2024-03-11 04:00:00,76.90128149301569
2024-03-11 05:00:00,79.05445015254841
2024-03-11 06:00:00,79.8625338731505
2024-03-11 07:00:00,91.97906301439599
2024-03-11 08:00:00,90.87529925786083
2024-03-11 09:00:00,100.0
2024-03-11 10:00:00,94.606578881878
2024-03-11 11:00:00,100.0
2024-03-11 12:00:00,96.57514961200263
2024-03-11 13:00:00,95.81479678775982
2024-03-11 14:00:00,85.87801426644373
2024-03-11 15:00:00,100.0
2024-03-11 16:00:00,88.59576136379171
2024-03-11 17:00:00,96.70361747870417
2024-03-11 18:00:00,86.17111534102747
2024-03-11 19:00:00,78.87880033624606
2024-03-11 20:00:00,61.59002555615753
2024-03-11 21:00:00,73.41575433721346
2024-03-11 22:00:00,60.26560200492599
2024-03-11 23:00:00,52.106684974947406
2024-03-12 00:00:00,74.15496550482005
2024-03-12 01:00:00,61.330631952584696
2024-03-12 02:00:00,56.67061553788741
2024-03-12 03:00:00,86.95969300519224
2024-03-12 04:00:00,76.24352874161924
2024-03-12 05:00:00,71.60173116868393
2024-03-12 06:00:00,83.03791382699484
2024-03-12 07:00:00,90.15124821185253
2024-03-12 08:00:00,100.0
2024-03-12 09:00:00,91.59093717738423
2024-03-12 10:00:00,97.36643322997799
2024-03-12 11:00:00,100.0
2024-03-12 12:00:00,100.0
2024-03-12 13:00:00,100.0
2024-03-12 14:00:00,100.0
2024-03-12 15:00:00,100.0
2024-03-12 16:00:00,90.46740480473723
2024-03-12 17:00:00,98.2229040663462
2024-03-12 18:00:00,100.0
2024-03-12 19:00:00,82.62259238977215
2024-03-12 20:00:00,74.77330070470461
2024-03-12 21:00:00,82.80281354475373
2024-03-12 22:00:00,81.52476710243924
2024-03-12 23:00:00,65.09964246417462
2024-03-13 00:00:00,84.45055729223728
2024-03-13 01:00:00,73.84886852636495
2024-03-13 02:00:00,79.51183038227
2024-03-13 03:00:00,90.53099376348722
2024-03-13 04:00:00,88.92175344317869
2024-03-13 05:00:00,87.59776910544512
2024-03-13 06:00:00,87.4080383326696
2024-03-13 07:00:00,100.0
2024-03-13 08:00:00,96.47790930832299
2024-03-13 09:00:00,100.0
2024-03-13 10:00:00,100.0
2024-03-13 11:00:00,100.0
2024-03-13 12:00:00,100.0
2024-03-13 13:00:00,100.0
2024-03-13 14:00:00,100.0
2024-03-13 15:00:00,100.0
2024-03-13 16:00:00,100.0
2024-03-13 17:00:00,100.0
2024-03-13 18:00:00,94.39147518121663
2024-03-13 19:00:00,95.03240667361982
2024-03-13 20:00:00,88.649206237076
2024-03-13 21:00:00,75.48321937540663
2024-03-13 22:00:00,60.782274519365515
2024-03-13 23:00:00,60.14972910015589
2024-03-14 00:00:00,52.73067665685094
2024-03-14 01:00:00,67.41024745571552
2024-03-14 02:00:00,51.32145629743313
2024-03-14 03:00:00,72.04554252079974
2024-03-14 04:00:00,78.54237125806313
2024-03-14 05:00:00,89.1502949101922
2024-03-14 06:00:00,91.51653341071555
2024-03-14 07:00:00,99.87758925111639
2024-03-14 08:00:00,100.0
2024-03-14 09:00:00,99.04919465460597
2024-03-14 10:00:00,100.0
2024-03-14 11:00:00,100.0
2024-03-14 12:00:00,100.0
2024-03-14 13:00:00,94.15887056998912
2024-03-14 14:00:00,100.0
2024-03-14 15:00:00,94.01256652583508
2024-03-14 16:00:00,98.75857634255222
2024-03-14 17:00:00,95.28065312760891
2024-03-14 18:00:00,96.83886067430223
2024-03-14 19:00:00,68.91602132415963
2024-03-14 20:00:00,74.94266724178456
2024-03-14 21:00:00,77.80761970068448
2024-03-14 22:00:00,84.24456444135318
2024-03-14 23:00:00,67.93109784325743
2024-03-15 00:00:00,54.132427514456765
2024-03-15 01:00:00,75.78921847632108
2024-03-15 02:00:00,67.996434025621
2024-03-15 03:00:00,75.7480190514714
2024-03-15 04:00:00,59.22939445281334
2024-03-15 05:00:00,77.90300397928625
2024-03-15 06:00:00,70.24838173504489
2024-03-15 07:00:00,73.6556444732257
2024-03-15 08:00:00,93.57928787700509
2024-03-15 09:00:00,98.28579395933524
2024-03-15 10:00:00,92.39792364890795
2024-03-15 11:00:00,100.0
2024-03-15 12:00:00,95.99061620745054
2024-03-15 13:00:00,96.10607465468345
2024-03-15 14:00:00,95.98423588983853
2024-03-15 15:00:00,91.1552631985866
2024-03-15 16:00:00,99.17939858084841
2024-03-15 17:00:00,75.80868755419093
2024-03-15 18:00:00,72.93581958387463
2024-03-15 19:00:00,64.26755560688434
2024-03-15 20:00:00,84.04796524188374
2024-03-15 21:00:00,62.24617024544459
2024-03-15 22:00:00,55.520451594333174
2024-03-15 23:00:00,57.3767459511175
2024-03-16 00:00:00,60.38036283309555
2024-03-16 01:00:00,59.58415304720771
2024-03-16 02:00:00,51.67523785542521
2024-03-16 03:00:00,56.26298433420542
2024-03-16 04:00:00,51.962677510296565
2024-03-16 05:00:00,69.5444785602245
2024-03-16 06:00:00,83.87424415461359
2024-03-16 07:00:00,74.14250004692468
2024-03-16 08:00:00,88.71147245816367
2024-03-16 09:00:00,83.11483165676171
2024-03-16 10:00:00,82.18954744714435
2024-03-16 11:00:00,98.39961848495717
2024-03-16 12:00:00,100.0
2024-03-16 13:00:00,97.31403248484123
2024-03-16 14:00:00,87.66241743953755
2024-03-16 15:00:00,85.00459857736374
2024-03-16 16:00:00,98.93550552212038
2024-03-16 17:00:00,81.29887524137627
2024-03-16 18:00:00,67.54395778964636
2024-03-16 19:00:00,68.0017363195404
2024-03-16 20:00:00,65.40167320543729
2024-03-16 21:00:00,63.29675526557811
2024-03-16 22:00:00,68.46561548754725
2024-03-16 23:00:00,64.58311625143752
2024-03-17 00:00:00,57.21595110740069
2024-03-17 01:00:00,55.984194444341554
2024-03-17 02:00:00,61.486682309960734
2024-03-17 03:00:00,56.63593265527109
2024-03-17 04:00:00,73.48864274059439
2024-03-17 05:00:00,68.84904447457899
2024-03-17 06:00:00,79.5850420123137
2024-03-17 07:00:00,94.544872778245
2024-03-17 08:00:00,90.0895468515311
2024-03-17 09:00:00,91.65948781322183
2024-03-17 10:00:00,88.85776705370482
2024-03-17 11:00:00,94.3749144748818
2024-03-17 12:00:00,86.59721739999631
2024-03-17 13:00:00,99.27437165699695
2024-03-17 14:00:00,75.94050237896798
2024-03-17 15:00:00,97.5889056529985
2024-03-17 16:00:00,91.55761775360155
2024-03-17 17:00:00,81.6706173591969
2024-03-17 18:00:00,71.44927767329968
2024-03-17 19:00:00,70.4115843201271
2024-03-17 20:00:00,51.530436161026046
2024-03-17 21:00:00,68.17557735130325
2024-03-17 22:00:00,57.10083553311585
2024-03-17 23:00:00,68.53990457079628
2024-03-18 00:00:00,66.69544057650353
2024-03-18 01:00:00,66.0971037063318
2024-03-18 02:00:00,69.45585887262183
2024-03-18 03:00:00,61.62719330328037
2024-03-18 04:00:00,69.97009445501115
2024-03-18 05:00:00,79.46988773218925
2024-03-18 06:00:00,81.16679480556448
2024-03-18 07:00:00,84.15622183969248
2024-03-18 08:00:00,91.33740192487926
2024-03-18 09:00:00,98.09637920810596
2024-03-18 10:00:00,100.0
2024-03-18 11:00:00,100.0
2024-03-18 12:00:00,98.19566375311331
2024-03-18 13:00:00,100.0
2024-03-18 14:00:00,100.0
2024-03-18 15:00:00,100.0
2024-03-18 16:00:00,100.0
2024-03-18 17:00:00,89.30244338085049
2024-03-18 18:00:00,88.77562838373674
2024-03-18 19:00:00,70.07094530130098
2024-03-18 20:00:00,70.8246275901819
2024-03-18 21:00:00,60.593971706490905
2024-03-18 22:00:00,70.12697930410823
2024-03-18 23:00:00,64.65483467397402
2024-03-19 00:00:00,73.29851297501884
2024-03-19 01:00:00,65.40542439600743
2024-03-19 02:00:00,80.98324976522115
2024-03-19 03:00:00,58.1045266273751
2024-03-19 04:00:00,79.49129733398925
2024-03-19 05:00:00,85.4826169495549
2024-03-19 06:00:00,75.3439663116042
2024-03-19 07:00:00,99.7708262022303
2024-03-19 08:00:00,100.0
2024-03-19 09:00:00,100.0
2024-03-19 10:00:00,100.0
2024-03-19 11:00:00,100.0
2024-03-19 12:00:00,100.0
2024-03-19 13:00:00,100.0
2024-03-19 14:00:00,100.0
2024-03-19 15:00:00,98.77360327023659
2024-03-19 16:00:00,88.44176542903125
2024-03-19 17:00:00,99.73914155101714
2024-03-19 18:00:00,88.37030504688275
2024-03-19 19:00:00,96.66942703952117
2024-03-19 20:00:00,77.78064588701216
2024-03-19 21:00:00,77.32967083627074
2024-03-19 22:00:00,64.99830107368051
2024-03-19 23:00:00,69.52634859783467
2024-03-20 00:00:00,65.98844256705041
2024-03-20 01:00:00,67.40502144464006
2024-03-20 02:00:00,75.79736405757241
2024-03-20 03:00:00,74.54753852603541
2024-03-20 04:00:00,100.0
2024-03-20 05:00:00,95.0650537447776
2024-03-20 06:00:00,100.0
2024-03-20 07:00:00,97.85278190978296
2024-03-20 08:00:00,100.0
2024-03-20 09:00:00,100.0
2024-03-20 10:00:00,100.0
2024-03-20 11:00:00,100.0
2024-03-20 12:00:00,100.0
2024-03-20 13:00:00,100.0
2024-03-20 14:00:00,100.0
2024-03-20 15:00:00,100.0
2024-03-20 16:00:00,100.0
2024-03-20 17:00:00,92.73564052686052
2024-03-20 18:00:00,87.36694771573059
2024-03-20 19:00:00,98.41289344281245
2024-03-20 20:00:00,100.0
2024-03-20 21:00:00,78.32623413622312
2024-03-20 22:00:00,85.96550078641637
2024-03-20 23:00:00,62.590431998338815
2024-03-21 00:00:00,61.48364740469925
2024-03-21 01:00:00,60.84117271993717
2024-03-21 02:00:00,74.2183092459148
2024-03-21 03:00:00,72.67179493435009
2024-03-21 04:00:00,80.15511166578345
2024-03-21 05:00:00,92.83154929108088
2024-03-21 06:00:00,83.03430458580391
2024-03-21 07:00:00,94.19259158522111
2024-03-21 08:00:00,87.5654398516406
2024-03-21 09:00:00,100.0
2024-03-21 10:00:00,100.0
2024-03-21 11:00:00,100.0
2024-03-21 12:00:00,100.0
2024-03-21 13:00:00,100.0
2024-03-21 14:00:00,94.4528027661414
2024-03-21 15:00:00,100.0
2024-03-21 16:00:00,100.0
2024-03-21 17:00:00,100.0
2024-03-21 18:00:00,85.16681921795245
2024-03-21 19:00:00,85.30491916153416
2024-03-21 20:00:00,87.23971262308058
2024-03-21 21:00:00,83.34323807299538
2024-03-21 22:00:00,66.0334667098894
2024-03-21 23:00:00,66.78658254192754
2024-03-22 00:00:00,55.46412598331985
2024-03-22 01:00:00,53.13668990530268
2024-03-22 02:00:00,74.12744198183297
2024-03-22 03:00:00,66.03880137543757
2024-03-22 04:00:00,69.08989459941934
2024-03-22 05:00:00,76.4937744731353
2024-03-22 06:00:00,80.12321757061736
2024-03-22 07:00:00,83.10631553395595
2024-03-22 08:00:00,83.60992670541785
2024-03-22 09:00:00,100.0
2024-03-22 10:00:00,92.46997891762365
2024-03-22 11:00:00,91.59070071278205
2024-03-22 12:00:00,99.07646728566984
2024-03-22 13:00:00,100.0
2024-03-22 14:00:00,90.47809768189711
2024-03-22 15:00:00,99.55386518849829
2024-03-22 16:00:00,87.76878674957271
2024-03-22 17:00:00,86.87891024994343
2024-03-22 18:00:00,87.12615021653929
2024-03-22 19:00:00,60.81944354322175
2024-03-22 20:00:00,62.58723781445018
2024-03-22 21:00:00,72.88456519444041
2024-03-22 22:00:00,63.22633082968635
2024-03-22 23:00:00,62.14834260454788
2024-03-23 00:00:00,60.05712098638467
2024-03-23 01:00:00,47.93535537098772
2024-03-23 02:00:00,65.49538782488924
2024-03-23 03:00:00,66.79608154532232
2024-03-23 04:00:00,66.29111680396527
2024-03-23 05:00:00,72.95788388075721
2024-03-23 06:00:00,83.71363291509337
2024-03-23 07:00:00,74.82414289998376
2024-03-23 08:00:00,89.69396238946578
2024-03-23 09:00:00,100.0
2024-03-23 10:00:00,96.85788786131292
2024-03-23 11:00:00,91.95637226819623
2024-03-23 12:00:00,100.0
2024-03-23 13:00:00,95.5912976566885
2024-03-23 14:00:00,100.0
2024-03-23 15:00:00,85.20541297384713
2024-03-23 16:00:00,92.9825804167771
2024-03-23 17:00:00,75.2497727292227
2024-03-23 18:00:00,77.03649788750674
2024-03-23 19:00:00,64.42375398053906
2024-03-23 20:00:00,79.66793533898554
2024-03-23 21:00:00,58.55213302213791
2024-03-23 22:00:00,48.28398598601423
2024-03-23 23:00:00,55.91501450075401
2024-03-24 00:00:00,60.70493725795524
2024-03-24 01:00:00,56.88148635163418
2024-03-24 02:00:00,52.59037256645994
2024-03-24 03:00:00,70.578473078922
2024-03-24 04:00:00,76.50014625255695
2024-03-24 05:00:00,58.071298099449876
2024-03-24 06:00:00,69.41975393535635
2024-03-24 07:00:00,80.341561069201
2024-03-24 08:00:00,82.19782753690755
2024-03-24 09:00:00,94.79963717706418
2024-03-24 10:00:00,100.0
2024-03-24 11:00:00,92.7303368858205
2024-03-24 12:00:00,100.0
2024-03-24 13:00:00,84.04024565935029
2024-03-24 14:00:00,97.44005033383162
2024-03-24 15:00:00,85.86209926166208
2024-03-24 16:00:00,90.30140675116984
2024-03-24 17:00:00,67.60882121829938
2024-03-24 18:00:00,66.20842701865008
2024-03-24 19:00:00,75.12230184187462
2024-03-24 20:00:00,61.460807156508324
2024-03-24 21:00:00,59.77836970448257
2024-03-24 22:00:00,73.8798512726824
2024-03-24 23:00:00,58.296764951291216
2024-03-25 00:00:00,71.54978843662454
2024-03-25 01:00:00,58.9495943737236
2024-03-25 02:00:00,56.296782251402945
2024-03-25 03:00:00,69.5635334522138
2024-03-25 04:00:00,62.43242819157196
2024-03-25 05:00:00,73.59571746423481
2024-03-25 06:00:00,86.26748071417256
2024-03-25 07:00:00,88.65637246571389
2024-03-25 08:00:00,97.0508655980879
2024-03-25 09:00:00,100.0
2024-03-25 10:00:00,92.13868441130569
2024-03-25 11:00:00,96.17164819037309
2024-03-25 12:00:00,86.96456404710712
2024-03-25 13:00:00,100.0
2024-03-25 14:00:00,100.0
2024-03-25 15:00:00,100.0
2024-03-25 16:00:00,95.93561965854771
2024-03-25 17:00:00,100.0
2024-03-25 18:00:00,87.49164444402909
2024-03-25 19:00:00,80.10887448974837
2024-03-25 20:00:00,69.53996478907862
2024-03-25 21:00:00,51.211507607871624
2024-03-25 22:00:00,76.90456317176694
2024-03-25 23:00:00,64.69987079755421
2024-03-26 00:00:00,83.37350592072222
2024-03-26 01:00:00,65.35618401966077
2024-03-26 02:00:00,94.38645087514695
2024-03-26 03:00:00,76.1485953831652
2024-03-26 04:00:00,76.74814886825312
2024-03-26 05:00:00,85.39773531908294
2024-03-26 06:00:00,93.65857574599272
2024-03-26 07:00:00,96.9167209935463
2024-03-26 08:00:00,98.18154464106311
2024-03-26 09:00:00,92.023414862713
2024-03-26 10:00:00,100.0
2024-03-26 11:00:00,100.0
2024-03-26 12:00:00,100.0
2024-03-26 13:00:00,97.91027421292215
2024-03-26 14:00:00,100.0
2024-03-26 15:00:00,100.0
2024-03-26 16:00:00,96.26747276797501
2024-03-26 17:00:00,95.28355815217526
2024-03-26 18:00:00,85.9628800166014
2024-03-26 19:00:00,95.25670769685068
2024-03-26 20:00:00,86.28656528809536
2024-03-26 21:00:00,95.96594188417359
2024-03-26 22:00:00,71.99475430113158
2024-03-26 23:00:00,70.77611459591951
2024-03-27 00:00:00,83.77727678305796
2024-03-27 01:00:00,78.12344292448044
2024-03-27 02:00:00,69.46596262535299
2024-03-27 03:00:00,84.63239084348866
2024-03-27 04:00:00,87.50001886910422
2024-03-27 05:00:00,74.80567145751318
2024-03-27 06:00:00,89.12656563923592
2024-03-27 07:00:00,100.0
2024-03-27 08:00:00,100.0
2024-03-27 09:00:00,100.0
2024-03-27 10:00:00,100.0
2024-03-27 11:00:00,100.0
2024-03-27 12:00:00,100.0
2024-03-27 13:00:00,94.27737901277906
2024-03-27 14:00:00,100.0
2024-03-27 15:00:00,100.0
2024-03-27 16:00:00,100.0
2024-03-27 17:00:00,93.49509243642966
2024-03-27 18:00:00,84.77596512216945
2024-03-27 19:00:00,95.9387607420043
2024-03-27 20:00:00,85.02438684685502
2024-03-27 21:00:00,78.51470854654798
2024-03-27 22:00:00,80.08249600493859
2024-03-27 23:00:00,76.41405926741308
2024-03-28 00:00:00,69.71322789837633
2024-03-28 01:00:00,59.102600536151016
2024-03-28 02:00:00,63.4873356849781
2024-03-28 03:00:00,80.8679846262787
2024-03-28 04:00:00,83.50172000464964
2024-03-28 05:00:00,86.91371881337197
2024-03-28 06:00:00,84.34567078040592
2024-03-28 07:00:00,100.0
2024-03-28 08:00:00,96.08107713840405
2024-03-28 09:00:00,100.0
2024-03-28 10:00:00,100.0
2024-03-28 11:00:00,100.0
2024-03-28 12:00:00,100.0
2024-03-28 13:00:00,100.0
2024-03-28 14:00:00,100.0
2024-03-28 15:00:00,100.0
2024-03-28 16:00:00,95.9513600864802
2024-03-28 17:00:00,96.40983839200558
2024-03-28 18:00:00,88.52750941804334
2024-03-28 19:00:00,77.64718517139706
2024-03-28 20:00:00,80.12094877912168
2024-03-28 21:00:00,76.17158321797329
2024-03-28 22:00:00,90.58977758133614
2024-03-28 23:00:00,64.90978708269907
2024-03-29 00:00:00,53.72846329171021
2024-03-29 01:00:00,63.361858565198325
2024-03-29 02:00:00,55.18953336714224
2024-03-29 03:00:00,57.73082774744795
2024-03-29 04:00:00,58.96680680913241
2024-03-29 05:00:00,69.09365867851847
2024-03-29 06:00:00,74.47215790854275
2024-03-29 07:00:00,75.3861751627056
2024-03-29 08:00:00,88.47825353325157
2024-03-29 09:00:00,75.69944163986098
2024-03-29 10:00:00,100.0
2024-03-29 11:00:00,95.35858344356724
2024-03-29 12:00:00,97.2207810999564
2024-03-29 13:00:00,100.0
2024-03-29 14:00:00,100.0
2024-03-29 15:00:00,89.6158331239033
2024-03-29 16:00:00,94.13190366103734
2024-03-29 17:00:00,98.0897471579686
2024-03-29 18:00:00,72.42937251469847
2024-03-29 19:00:00,81.3852897264814
2024-03-29 20:00:00,61.631258810094245
2024-03-29 21:00:00,75.80200936066275
2024-03-29 22:00:00,57.529443726986344
2024-03-29 23:00:00,55.23050590414148
2024-03-30 00:00:00,64.33787120643662
2024-03-30 01:00:00,61.60290489111906
2024-03-30 02:00:00,52.40020500982864
2024-03-30 03:00:00,62.03489968524841
2024-03-30 04:00:00,59.48310196887009
2024-03-30 05:00:00,57.24906597688902
2024-03-30 06:00:00,76.68626166572135
2024-03-30 07:00:00,77.50161605426679
2024-03-30 08:00:00,77.61457581860162
2024-03-30 09:00:00,99.76573230323962
2024-03-30 10:00:00,85.2148544615904
2024-03-30 11:00:00,95.66548511537427
2024-03-30 12:00:00,100.0
2024-03-30 13:00:00,92.4744768759734
2024-03-30 14:00:00,86.65613938189979
2024-03-30 15:00:00,91.73778874591564
2024-03-30 16:00:00,88.86389624905476
2024-03-30 17:00:00,87.41179670994609
2024-03-30 18:00:00,90.19723762028269
2024-03-30 19:00:00,66.39748476059411
2024-03-30 20:00:00,66.80365760041609
2024-03-30 21:00:00,50.94539917600559
2024-03-30 22:00:00,63.25659702490222
2024-03-30 23:00:00,57.40193749396653
